fp16_bits,fp16_value,ref_bf16_bits,ref_bf16_value,mpfr_bf16_bits,mpfr_bf16_value,ref_gelu_f64,mpfr_gelu_f64
0xC72E,-7.1796875,0xAC30,-2.5011104298755527e-12,0xAC31,-2.5153212845907547e-12,-2.5080922581854903e-12,-2.5082575453164685e-12
0xC763,-7.38671875,0xAB1D,-5.577760475716786e-13,0xAB1C,-5.542233338928781e-13,-5.560213747757281e-13,-5.558375252852384e-13
0xC77C,-7.484375,0xAA98,-2.7000623958883807e-13,0xAA97,-2.682298827494378e-13,-2.6922214457769655e-13,-2.690199407001931e-13
0xC78C,-7.546875,0xAA3E,-1.687538997430238e-13,0xAA3D,-1.6786572132332367e-13,-1.6841215921825636e-13,-1.68229694159202e-13
0xC78E,-7.5546875,0xAA32,-1.580957587066223e-13,0xAA33,-1.5898393712632242e-13,-1.585216333199746e-13,-1.5859808923942195e-13
0xC791,-7.56640625,0xAA24,-1.4566126083082054e-13,0xAA23,-1.4477308241112041e-13,-1.45326892880826e-13,-1.451580456884921e-13
0xC79A,-7.6015625,0xA9FB,-1.1146639167236572e-13,0xA9FA,-1.1102230246251565e-13,-1.114004721802786e-13,-1.1120189253114093e-13
0xC79E,-7.6171875,0xA9DF,-9.903189379656396e-14,0xA9DE,-9.85878045867139e-14,-9.894429026102713e-14,-9.874259290016469e-14
0xC7A5,-7.64453125,0xA9B5,-8.038014698286133e-14,0xA9B4,-7.993605777301127e-14,-8.02034220287462e-14,-8.015592073520342e-14
0xC7AB,-7.66796875,0xA996,-6.661338147750939e-14,0xA997,-6.705747068735946e-14,-6.682827034809602e-14,-6.699559670348394e-14
0xC7AC,-7.671875,0xA993,-6.52811138479592e-14,0xA992,-6.483702463810914e-14,-6.515881584290284e-14,-6.501917764815118e-14
0xC7B2,-7.6953125,0xA974,-5.417888360170764e-14,0xA975,-5.440092820663267e-14,-5.425130830682967e-14,-5.430919613896818e-14
0xC7B4,-7.703125,0xA967,-5.129230373768223e-14,0xA966,-5.10702591327572e-14,-5.1313120419393954e-14,-5.114041495286009e-14
0xC7B5,-7.70703125,0xA960,-4.973799150320701e-14,0xA95F,-4.951594689828198e-14,-4.9627836562482486e-14,-4.962490963295796e-14
0xC7B6,-7.7109375,0xA958,-4.796163466380676e-14,0xA959,-4.8183679268731794e-14,-4.794081798209504e-14,-4.8153579231226827e-14
0xC7B8,-7.71875,0xA94D,-4.551914400963142e-14,0xA94C,-4.529709940470639e-14,-4.5418530048024763e-14,-4.533841701356691e-14
0xC7B9,-7.72265625,0xA947,-4.418687638008123e-14,0xA946,-4.39648317751562e-14,-4.415543451707915e-14,-4.399216010728174e-14
0xC7BA,-7.7265625,0xA941,-4.285460875053104e-14,0xA940,-4.263256414560601e-14,-4.2891037943526555e-14,-4.268522600163008e-14
0xC7BC,-7.734375,0xA936,-4.04121180963557e-14,0xA935,-4.0190073491430667e-14,-4.035834166860042e-14,-4.018484255885898e-14
0xC7C0,-7.75,0xA921,-3.574918139293004e-14,0xA920,-3.552713678800501e-14,-3.57075480295066e-14,-3.5608362627284115e-14
0xC7C1,-7.75390625,0xA91B,-3.441691376337985e-14,0xA91C,-3.4638958368304884e-14,-3.443426099813962e-14,-3.45468016049842e-14
0xC7C8,-7.78125,0xA8FD,-2.808864252301646e-14,0xA8FC,-2.7977620220553945e-14,-2.8076499458684623e-14,-2.7939132550098875e-14
0xC7C9,-7.78515625,0xA8F5,-2.7200464103316335e-14,0xA8F4,-2.708944180085382e-14,-2.722626811502149e-14,-2.710289411833126e-14
0xC7CA,-7.7890625,0xA8EE,-2.6423307986078726e-14,0xA8ED,-2.631228568361621e-14,-2.637516940962037e-14,-2.62912831530233e-14
0xC7CC,-7.796875,0xA8DE,-2.4646951146678475e-14,0xA8DF,-2.475797344914099e-14,-2.4670369913604162e-14,-2.4739111702336148e-14
0xC7CD,-7.80078125,0xA8D7,-2.3869795029440866e-14,0xA8D8,-2.398081733190338e-14,-2.3816669122989076e-14,-2.3997185386356777e-14
0xC7CE,-7.8046875,0xA8D3,-2.3425705819590803e-14,0xA8D2,-2.3314683517128287e-14,-2.339534815876121e-14,-2.32771537594684e-14
0xC7D0,-7.8125,0xA8C3,-2.1649348980190553e-14,0xA8C5,-2.1871393585115584e-14,-2.168404344971009e-14,-2.190025159528776e-14
0xC7D1,-7.81640625,0xA8C0,-2.1316282072803006e-14,0xA8BF,-2.120525977034049e-14,-2.1260987762006245e-14,-2.124216432750182e-14
0xC7D2,-7.8203125,0xA8B8,-2.042810365310288e-14,0xA8BA,-2.0650148258027912e-14,-2.040338384357021e-14,-2.0603537288956698e-14
0xC7D4,-7.828125,0xA8B0,-1.9539925233402755e-14,0xA8AF,-1.942890293094024e-14,-1.9554670382948558e-14,-1.9382416740088377e-14
0xC7D5,-7.83203125,0xA8A8,-1.865174681370263e-14,0xA8A9,-1.8762769116165146e-14,-1.8694898060167553e-14,-1.8798839602472555e-14
0xC7D6,-7.8359375,0xA8A5,-1.8318679906315083e-14,0xA8A4,-1.8207657603852567e-14,-1.8269240287249744e-14,-1.823255454586754e-14
0xC7D7,-7.83984375,0xA8A1,-1.787459069646502e-14,0xA89F,-1.765254609153999e-14,-1.784314883346294e-14,-1.7683057719833385e-14
0xC7D8,-7.84375,0xA899,-1.6986412276764895e-14,0xA89A,-1.709743457922741e-14,-1.6981208106336965e-14,-1.7149859697304397e-14
0xC7D9,-7.84765625,0xA895,-1.6542323066914832e-14,0xA896,-1.6653345369377348e-14,-1.6554032450377676e-14,-1.6632485069361376e-14
0xC7DC,-7.859375,0xA88A,-1.532107773982716e-14,0xA889,-1.5210055437364645e-14,-1.5269903397285844e-14,-1.5170749536373178e-14
0xC7DD,-7.86328125,0xA886,-1.4876988529977098e-14,0xA885,-1.4765966227514582e-14,-1.484099301785058e-14,-1.471218119418186e-14
0xC7DE,-7.8671875,0xA882,-1.4432899320127035e-14,0xA881,-1.432187701766452e-14,-1.441164895754632e-14,-1.4267256055830113e-14
0xC7DF,-7.87109375,0xA87C,-1.3988810110276972e-14,0xA879,-1.3822276656583199e-14,-1.3981871216373065e-14,-1.383557491587233e-14
0xC7E0,-7.875,0xA874,-1.354472090042691e-14,0xA872,-1.3433698597964394e-14,-1.3551659794330817e-14,-1.3416750046608877e-14
0xC7E1,-7.87890625,0xA86C,-1.3100631690576847e-14,0xA86A,-1.2989609388114332e-14,-1.3121014691419575e-14,-1.3010404874148616e-14
0xC7E2,-7.8828125,0xA865,-1.2712053631958042e-14,0xA863,-1.2601031329495527e-14,-1.2689935907639338e-14,-1.2616173663435772e-14
0xC7E3,-7.88671875,0xA85D,-1.226796442210798e-14,0xA85C,-1.2212453270876722e-14,-1.2258423442990107e-14,-1.2233701211998172e-14
0xC7E4,-7.890625,0xA855,-1.1823875212257917e-14,0xA856,-1.1879386363489175e-14,-1.1826477297471882e-14,-1.186264255218039e-14
0xC7E5,-7.89453125,0xA84D,-1.1379786002407855e-14,0xA84F,-1.149080830487037e-14,-1.1394097471084663e-14,-1.1502662661631595e-14
0xC7E6,-7.8984375,0xA845,-1.0935696792557792e-14,0xA849,-1.1157741397482823e-14,-1.096128396382845e-14,-1.1153436181823993e-14
0xC7E7,-7.90234375,0xA846,-1.099120794378905e-14,0xA843,-1.0824674490095276e-14,-1.0966704974690877e-14,-1.0814647144383704e-14
0xC7E8,-7.90625,0xA83E,-1.0547118733938987e-14,0xA83D,-1.049160758270773e-14,-1.0533240946131173e-14,-1.0485988705021714e-14
0xC7E9,-7.91015625,0xA836,-1.0103029524088925e-14,0xA837,-1.0158540675320182e-14,-1.0099343236702474e-14,-1.0167162884858196e-14
0xC7EA,-7.9140625,0xA82E,-9.658940314238862e-15,0xA832,-9.880984919163893e-15,-9.66501184640478e-15,-9.857880318938976e-15
0xC7EB,-7.91796875,0xA82E,-9.658940314238862e-15,0xA82C,-9.547918011776346e-15,-9.669782335963717e-15,-9.55786001174829e-15
0xC7EC,-7.921875,0xA826,-9.2148511043888e-15,0xA827,-9.270362255620057e-15,-9.234800424362533e-15,-9.26682909952719e-15
0xC7ED,-7.92578125,0xA81F,-8.826273045769994e-15,0xA822,-8.992806499463768e-15,-8.799384831892354e-15,-8.984522619212005e-15
0xC7EE,-7.9296875,0xA81F,-8.826273045769994e-15,0xA81D,-8.715250743307479e-15,-8.803721640582296e-15,-8.710683283812317e-15
0xC7EF,-7.93359375,0xA817,-8.382183835919932e-15,0xA818,-8.43769498715119e-15,-8.367655526808626e-15,-8.44506126405256e-15
0xC7F0,-7.9375,0xA817,-8.382183835919932e-15,0xA813,-8.1601392309949e-15,-8.371775495064071e-15,-8.187413976106223e-15
0xC7F2,-7.9453125,0xA807,-7.494005416219807e-15,0xA80B,-7.716050021144838e-15,-7.497908544040754e-15,-7.695108255318431e-15
0xC7F3,-7.94921875,0xA807,-7.494005416219807e-15,0xA806,-7.438494264988549e-15,-7.501594831427205e-15,-7.459999053673475e-15
0xC7F4,-7.953125,0xA7FE,-7.049916206369744e-15,0xA802,-7.216449660063518e-15,-7.0637939941775585e-15,-7.231962661748521e-15
0xC7F5,-7.95703125,0xA7FF,-7.077671781985373e-15,0xA7FD,-7.022160630754115e-15,-7.067263441129512e-15,-7.010789740804414e-15
0xC7F6,-7.9609375,0xA7EF,-6.63358257213531e-15,0xA7F5,-6.800116025829084e-15,-6.628812082576374e-15,-6.796277042879908e-15
0xC7F7,-7.96484375,0xA7EF,-6.63358257213531e-15,0xA7ED,-6.5780714209040525e-15,-6.632064689093831e-15,-6.5882272367524465e-15
0xC7F8,-7.96875,0xA7DF,-6.189493362285248e-15,0xA7E6,-6.38378239159465e-15,-6.192962809237201e-15,-6.386448738777649e-15
0xC7FA,-7.9765625,0xA7DF,-6.189493362285248e-15,0xA7D8,-5.995204332975845e-15,-6.19903434140312e-15,-6.000967088718869e-15
0xC7FB,-7.98046875,0xA7CF,-5.745404152435185e-15,0xA7D2,-5.828670879282072e-15,-5.7590650998085025e-15,-5.8169080504393826e-15
0xC7FC,-7.984375,0xA7D0,-5.773159728050814e-15,0xA7CB,-5.6343818499726694e-15,-5.761884025456965e-15,-5.6384082416573025e-15
0xC7FD,-7.98828125,0xA7C0,-5.329070518200751e-15,0xA7C5,-5.467848396278896e-15,-5.321264262558856e-15,-5.465302440785124e-15
0xC7FE,-7.9921875,0xA7C0,-5.329070518200751e-15,0xA7BF,-5.3013149425851225e-15,-5.323866347772821e-15,-5.297430254046055e-15
0xC7FF,-7.99609375,0xA7C0,-5.329070518200751e-15,0xA7B9,-5.134781488891349e-15,-5.326468432986786e-15,-5.13463597690758e-15
0xC800,-8.0,0xA7B0,-4.884981308350689e-15,0xA7B3,-4.9682480351975755e-15,-4.884981308350689e-15,-4.976768459417427e-15
0xC801,-8.0078125,0xA7B0,-4.884981308350689e-15,0xA7A8,-4.6629367034256575e-15,-4.889751797909625e-15,-4.6752310949479966e-15
0xC802,-8.015625,0xA7A0,-4.440892098500626e-15,0xA79E,-4.385380947269368e-15,-4.44956571588051e-15,-4.391695171023396e-15
0xC803,-8.0234375,0xA790,-3.9968028886505635e-15,0xA795,-4.135580766728708e-15,-4.008512272113407e-15,-4.1251025705625906e-15
0xC804,-8.03125,0xA791,-4.0245584642661925e-15,0xA78C,-3.885780586188048e-15,-4.012415399934355e-15,-3.8744563655679184e-15
0xC805,-8.0390625,0xA781,-3.58046925441613e-15,0xA783,-3.635980405647388e-15,-3.570060913560269e-15,-3.638817339036834e-15
0xC806,-8.046875,0xA781,-3.58046925441613e-15,0xA776,-3.4139358007223564e-15,-3.573530360512223e-15,-3.417300701005905e-15
0xC807,-8.0546875,0xA762,-3.1363800445660672e-15,0xA767,-3.2057689836051395e-15,-3.1298748315311542e-15,-3.2090729880991057e-15
0xC808,-8.0625,0xA762,-3.1363800445660672e-15,0xA759,-3.011479954295737e-15,-3.1329105976141136e-15,-3.0133491365223577e-15
0xC809,-8.0703125,0xA742,-2.6922908347160046e-15,0xA74C,-2.831068712794149e-15,-2.6879540260260626e-15,-2.8293897189863454e-15
0xC80A,-8.078125,0xA742,-2.6922908347160046e-15,0xA73F,-2.6506574712925612e-15,-2.690556111240028e-15,-2.6564983365513056e-15
0xC80B,-8.0859375,0xA742,-2.6922908347160046e-15,0xA734,-2.4980018054066022e-15,-2.693158196453993e-15,-2.494019156872278e-15
0xC80C,-8.09375,0xA722,-2.248201624865942e-15,0xA729,-2.345346139520643e-15,-2.246466901389965e-15,-2.341334590782547e-15
0xC80D,-8.1015625,0xA722,-2.248201624865942e-15,0xA71E,-2.192690473634684e-15,-2.248635305734936e-15,-2.1978630995880486e-15
0xC80E,-8.109375,0xA722,-2.248201624865942e-15,0xA715,-2.067790383364354e-15,-2.2508037100799072e-15,-2.0630571258575843e-15
0xC80F,-8.1171875,0xA702,-1.8041124150158794e-15,0xA70C,-1.942890293094024e-15,-1.8023776915399026e-15,-1.936401140883963e-15
0xC810,-8.125,0xA702,-1.8041124150158794e-15,0xA703,-1.817990202823694e-15,-1.8041124150158794e-15,-1.817409802360835e-15
0xC811,-8.1328125,0xA702,-1.8041124150158794e-15,0xA6F6,-1.7069679003611782e-15,-1.805847138491856e-15,-1.7056262161700032e-15
0xC812,-8.140625,0xA702,-1.8041124150158794e-15,0xA6E7,-1.6028844918025698e-15,-1.807581861967833e-15,-1.6006202965054658e-15
0xC813,-8.1484375,0xA6C4,-1.3600232051658168e-15,0xA6D8,-1.4988010832439613e-15,-1.3569874390828573e-15,-1.5019872188743068e-15
0xC814,-8.15625,0xA6C4,-1.3600232051658168e-15,0xA6CB,-1.4085954624931674e-15,-1.35828848168984e-15,-1.4093459608116746e-15
0xC815,-8.1640625,0xA6C4,-1.3600232051658168e-15,0xA6BF,-1.3253287356462806e-15,-1.3595895242968226e-15,-1.322337925428435e-15
0xC816,-8.171875,0xA6C4,-1.3600232051658168e-15,0xA6B3,-1.2420620087993939e-15,-1.3608905669038052e-15,-1.2406256431763889e-15
0xC817,-8.1796875,0xA6C4,-1.3600232051658168e-15,0xA6A8,-1.1657341758564144e-15,-1.3621916095107878e-15,-1.1638915474680365e-15
0xC818,-8.1875,0xA683,-9.08995101411847e-16,0xA69D,-1.0894063429134349e-15,-9.08995101411847e-16,-1.0918368200264828e-15
0xC819,-8.1953125,0xA683,-9.08995101411847e-16,0xA694,-1.0269562977782698e-15,-9.098624631498353e-16,-1.0241803020669114e-15
0xC81A,-8.203125,0xA683,-9.08995101411847e-16,0xA68A,-9.575673587391975e-16,-9.107298248878237e-16,-9.606574676247796e-16
0xC81B,-8.2109375,0xA683,-9.08995101411847e-16,0xA682,-9.020562075079397e-16,-9.115971866258121e-16,-9.010194555481425e-16
0xC81C,-8.21875,0xA684,-9.159339953157541e-16,0xA674,-8.465450562766819e-16,-9.124645483638005e-16,-8.450321568628903e-16
0xC81D,-8.2265625,0xA684,-9.159339953157541e-16,0xA664,-7.91033905045424e-16,-9.13331910101789e-16,-7.924753544007721e-16
0xC81E,-8.234375,0xA684,-9.159339953157541e-16,0xA656,-7.424616477180734e-16,-9.141992718397773e-16,-7.431419117513976e-16
0xC81F,-8.2421875,0xA684,-9.159339953157541e-16,0xA649,-6.973588373426765e-16,-9.150666335777657e-16,-6.968370087614921e-16
0xC820,-8.25,0xA604,-4.579669976578771e-16,0xA63C,-6.522560269672795e-16,-4.579669976578771e-16,-6.533774209580044e-16
0xC821,-8.2578125,0xA604,-4.579669976578771e-16,0xA631,-6.140921104957897e-16,-4.584006785268713e-16,-6.125908404166973e-16
0xC822,-8.265625,0xA604,-4.579669976578771e-16,0xA626,-5.759281940243e-16,-4.588343593958655e-16,-5.743152357350296e-16
0xC823,-8.2734375,0xA604,-4.579669976578771e-16,0xA61B,-5.377642775528102e-16,-4.592680402648597e-16,-5.383982488978756e-16
0xC824,-8.28125,0xA604,-4.579669976578771e-16,0xA611,-5.030698080332741e-16,-4.597017211338539e-16,-5.046966269473226e-16
0xC825,-8.2890625,0xA605,-4.614364446098307e-16,0xA608,-4.718447854656915e-16,-4.601354020028481e-16,-4.730756864838146e-16
0xC826,-8.296875,0xA605,-4.614364446098307e-16,0xA600,-4.440892098500626e-16,-4.605690828718423e-16,-4.434088091356156e-16
0xC827,-8.3046875,0xA605,-4.614364446098307e-16,0xA5F0,-4.163336342344337e-16,-4.610027637408365e-16,-4.1557696623730145e-16
0xC828,-8.3125,0xA605,-4.614364446098307e-16,0xA5E1,-3.903127820947816e-16,-4.614364446098307e-16,-3.894682710560588e-16
0xC829,-8.3203125,0xA605,-4.614364446098307e-16,0xA5D2,-3.642919299551295e-16,-4.618701254788249e-16,-3.6497755699728248e-16
0xC82A,-8.328125,0xA605,-4.614364446098307e-16,0xA5C5,-3.41740524767431e-16,-4.623038063478191e-16,-3.42005980308606e-16
0xC82B,-8.3359375,0xA605,-4.614364446098307e-16,0xA5B9,-3.209238430557093e-16,-4.627374872168133e-16,-3.2046064588434164e-16
0xC82C,-8.34375,0xA606,-4.649058915617843e-16,0xA5AD,-3.0010716134398763e-16,-4.631711680858075e-16,-3.0025425485060697e-16
0xC82D,-8.3515625,0xA606,-4.649058915617843e-16,0xA5A2,-2.8102520310824275e-16,-4.636048489548017e-16,-2.8130477268541494e-16
0xC82E,-8.359375,0xA606,-4.649058915617843e-16,0xA598,-2.636779683484747e-16,-4.640385298237959e-16,-2.6353511669793847e-16
0xC82F,-8.3671875,0xA606,-4.649058915617843e-16,0xA58E,-2.463307335887066e-16,-4.644722106927901e-16,-2.468728617572453e-16
0xC830,-8.375,0x8000,-0.0,0xA585,-2.3071822230491534e-16,-0.0,-2.3124996322324066e-16
0xC831,-8.3828125,0x8000,-0.0,0xA57A,-2.1684043449710089e-16,-0.0,-2.1660249609155522e-16
0xC832,-8.390625,0x8000,-0.0,0xA56A,-2.0296264668928643e-16,-0.0,-2.0287040941985252e-16
0xC833,-8.3984375,0x8000,-0.0,0xA55B,-1.8995222061946038e-16,-0.0,-1.899972951556884e-16
0xC834,-8.40625,0x8000,-0.0,0xA54D,-1.7780915628762273e-16,-0.0,-1.7793017053579466e-16
0xC835,-8.4140625,0x8000,-0.0,0xA540,-1.6653345369377348e-16,-0.0,-1.666192732736422e-16
0xC836,-8.421875,0x8000,-0.0,0xA534,-1.5612511283791264e-16,-0.0,-1.5601786879651445e-16
0xC837,-8.4296875,0x8000,-0.0,0xA528,-1.457167719820518e-16,-0.0,-1.460820688352307e-16
0xC838,-8.4375,0x8000,-0.0,0xA51E,-1.3704315460216776e-16,-0.0,-1.3677066070923605e-16
0xC839,-8.4453125,0x8000,-0.0,0xA514,-1.2836953722228372e-16,-0.0,-1.2804494668714737e-16
0xC83A,-8.453125,0x8000,-0.0,0xA50A,-1.196959198423997e-16,-0.0,-1.1986859283813213e-16
0xC83B,-8.4609375,0x8000,-0.0,0xA501,-1.1188966420050406e-16,-0.0,-1.1220748682281487e-16
0xC83C,-8.46875,0x8000,-0.0,0xA4F2,-1.0495077029659683e-16,-0.0,-1.0502960410386041e-16
0xC83D,-8.4765625,0x8000,-0.0,0xA4E3,-9.84455572616838e-17,-0.0,-9.830488208607661e-17
0xC83E,-8.484375,0x8000,-0.0,0xA4D4,-9.194034422677078e-17,-0.0,-9.200510172390958e-17
0xC83F,-8.4921875,0x8000,-0.0,0xA4C7,-8.630249292984615e-17,-0.0,-8.6103776160661e-17
0xC840,-8.5,0x8000,-0.0,0xA4BA,-8.066464163292153e-17,-0.0,-8.05760459887282e-17
0xC841,-8.5078125,0x8000,-0.0,0xA4AE,-7.546047120499111e-17,-0.0,-7.539858074373334e-17
0xC842,-8.515625,0x8000,-0.0,0xA4A3,-7.068998164605489e-17,-0.0,-7.054948626764794e-17
0xC843,-8.5234375,0x8000,-0.0,0xA498,-6.591949208711867e-17,-0.0,-6.600821759700388e-17
0xC844,-8.53125,0x8000,-0.0,0xA48E,-6.158268339717665e-17,-0.0,-6.175549705208334e-17
0xC845,-8.5390625,0x8000,-0.0,0xA485,-5.767955557622884e-17,-0.0,-5.77732372216615e-17
0xC846,-8.546875,0x8000,-0.0,0xA479,-5.399326818977812e-17,-0.0,-5.404446855550159e-17
0xC847,-8.5546875,0x8000,-0.0,0xA469,-5.0523821237824507e-17,-0.0,-5.055327129342768e-17
0xC848,-8.5625,0x8000,-0.0,0xA45A,-4.7271214720367993e-17,-0.0,-4.7284711475484744e-17
0xC849,-8.5703125,0x8000,-0.0,0xA44C,-4.423544863740858e-17,-0.0,-4.422478079248862e-17
0xC84A,-8.578125,0x8000,-0.0,0xA43F,-4.141652298894627e-17,-0.0,-4.1360340050220724e-17
0xC84B,-8.5859375,0x8000,-0.0,0xA432,-3.859759734048396e-17,-0.0,-3.867906603368065e-17
0xC84C,-8.59375,0x8000,-0.0,0xA427,-3.621235256101585e-17,-0.0,-3.61694015702183e-17
0xC84D,-8.6015625,0x8000,-0.0,0xA41C,-3.382710778154774e-17,-0.0,-3.382050860206791e-17
0xC84E,-8.609375,0x8000,-0.0,0xA412,-3.165870343657673e-17,-0.0,-3.162222408983871e-17
0xC84F,-8.6171875,0x8000,-0.0,0xA408,-2.949029909160572e-17,-0.0,-2.956501857891867e-17
0xC850,-8.625,0x8000,-0.0,0xA3FF,-2.7647155398380363e-17,-0.0,-2.7639957270554052e-17
0xC851,-8.6328125,0x8000,-0.0,0xA3EE,-2.5804011705155006e-17,-0.0,-2.5838663448611536e-17
0xC852,-8.640625,0x8000,-0.0,0xA3DF,-2.417770844642675e-17,-0.0,-2.4153284121743773e-17
0xC853,-8.6484375,0x8000,-0.0,0xA3D0,-2.2551405187698492e-17,-0.0,-2.2576457748892273e-17
0xC854,-8.65625,0x8000,-0.0,0xA3C3,-2.1141942363467336e-17,-0.0,-2.1101283923802624e-17
0xC855,-8.6640625,0x8000,-0.0,0xA3B6,-1.973247953923618e-17,-0.0,-1.9721294901522276e-17
0xC856,-8.671875,0x8000,-0.0,0xA3AA,-1.8431436932253575e-17,-0.0,-1.84304288567258e-17
0xC857,-8.6796875,0x8000,-0.0,0xA39F,-1.723881454251952e-17,-0.0,-1.72230047701907e-17
0xC858,-8.6875,0x8000,-0.0,0xA394,-1.6046192152785466e-17,-0.0,-1.609369884585046e-17
0xC859,-8.6953125,0x8000,-0.0,0xA38B,-1.5070410197548512e-17,-0.0,-1.503752236660236e-17
0xC85A,-8.703125,0x8000,-0.0,0xA382,-1.4094628242311558e-17,-0.0,-1.404980090246525e-17
0xC85B,-8.7109375,0x8000,-0.0,0xA372,-1.3118846287074604e-17,-0.0,-1.3126154789786128e-17
0xC85C,-8.71875,0x8000,-0.0,0xA362,-1.22514845490862e-17,-0.0,-1.226248080500181e-17
0xC85D,-8.7265625,0x8000,-0.0,0xA353,-1.1438332919722072e-17,-0.0,-1.1454934960990055e-17
0xC85E,-8.734375,0x8000,-0.0,0xA345,-1.0679391398982219e-17,-0.0,-1.0699916358309243e-17
0xC85F,-8.7421875,0x8000,-0.0,0xA338,-9.974659986866641e-18,-0.0,-9.994052027642024e-18
0xC860,-8.75,0x8000,-0.0,0xA32C,-9.324138683375338e-18,-0.0,-9.3341827035405e-18
0xC861,-8.7578125,0x8000,-0.0,0xA321,-8.72782748850831e-18,-0.0,-8.717349473131988e-18
0xC862,-8.765625,0x8000,-0.0,0xA316,-8.131516293641283e-18,-0.0,-8.140781246797614e-18
0xC863,-8.7734375,0x8000,-0.0,0xA30C,-7.589415207398531e-18,-0.0,-7.601883000993228e-18
0xC864,-8.78125,0x8000,-0.0,0xA303,-7.101524229780054e-18,-0.0,-7.098224746354291e-18
0xC865,-8.7890625,0x8000,-0.0,0xA2F5,-6.640738306473715e-18,-0.0,-6.627531177024352e-18
0xC866,-8.796875,0x8000,-0.0,0xA2E4,-6.179952383167375e-18,-0.0,-6.187671959780513e-18
0xC867,-8.8046875,0x8000,-0.0,0xA2D5,-5.773376568485311e-18,-0.0,-5.776652624008182e-18
0xC868,-8.8125,0x8000,-0.0,0xA2C7,-5.3939058081153846e-18,-0.0,-5.392606015910563e-18
0xC869,-8.8203125,0x8000,-0.0,0xA2BA,-5.041540102057596e-18,-0.0,-5.03378428253405e-18
0xC86A,-8.828125,0x8000,-0.0,0xA2AD,-4.689174395999807e-18,-0.0,-4.6985513532569345e-18
0xC86B,-8.8359375,0x8000,-0.0,0xA2A2,-4.391018798566293e-18,-0.0,-4.385375888333115e-18
0xC86C,-8.84375,0x8000,-0.0,0xA297,-4.092863201132779e-18,-0.0,-4.092824665911918e-18
0xC86D,-8.8515625,0x8000,-0.0,0xA28D,-3.821812658011403e-18,-0.0,-3.819556380676281e-18
0xC86E,-8.859375,0x8000,-0.0,0xA284,-3.577867169202165e-18,-0.0,-3.564315828860793e-18
0xC86F,-8.8671875,0x8000,-0.0,0xA275,-3.3203691532368573e-18,-0.0,-3.32592845593433e-18
0xC870,-8.875,0x8000,-0.0,0xA265,-3.1035287187397564e-18,-0.0,-3.103295244664837e-18
0xC871,-8.8828125,0x8000,-0.0,0xA256,-2.9002408113987244e-18,-0.0,-2.895387922631477e-18
0xC872,-8.890625,0x8000,-0.0,0xA247,-2.6969529040576923e-18,-0.0,-2.7012444695169014e-18
0xC873,-8.8984375,0x8000,-0.0,0xA23A,-2.520770051028798e-18,-0.0,-2.519964905704411e-18
0xC874,-8.90625,0x8000,-0.0,0xA22D,-2.3445871979999033e-18,-0.0,-2.3507073448257474e-18
0xC875,-8.9140625,0x8000,-0.0,0xA222,-2.1955093992831465e-18,-0.0,-2.1926842939593162e-18
0xC876,-8.921875,0x8000,-0.0,0xA217,-2.0464316005663896e-18,-0.0,-2.045159186169725e-18
0xC877,-8.9296875,0x8000,-0.0,0xA20D,-1.9109063290057016e-18,-0.0,-1.9074431310113288e-18
0xC878,-8.9375,0x8000,-0.0,0xA203,-1.7753810574450135e-18,-0.0,-1.7788918694944756e-18
0xC879,-8.9453125,0x8000,-0.0,0xA1F5,-1.6601845766184287e-18,-0.0,-1.6589029208366478e-18
0xC87A,-8.953125,0x8000,-0.0,0xA1E4,-1.5449880957918438e-18,-0.0,-1.546912909094772e-18
0xC87B,-8.9609375,0x8000,-0.0,0xA1D5,-1.4433441421213278e-18,-0.0,-1.442395058502546e-18
0xC87C,-8.96875,0x8000,-0.0,0xA1C6,-1.3417001884508117e-18,-0.0,-1.3448568470204495e-18
0xC87D,-8.9765625,0x8000,-0.0,0xA1B9,-1.2536087619363645e-18,-0.0,-1.2538378082487548e-18
0xC87E,-8.984375,0x8000,-0.0,0xA1AD,-1.1722935989999517e-18,-0.0,-1.1689074724577756e-18
0xC87F,-8.9921875,0x8000,-0.0,0xA1A1,-1.0909784360635388e-18,-0.0,-1.089663438057062e-18
0xC880,-9.0,0x8000,-0.0,0xA196,-1.0164395367051604e-18,-0.0,-1.0157295653584566e-18
0xC881,-9.0078125,0x8000,-0.0,0xA18C,-9.486769009248164e-19,-0.0,-9.467542849888913e-19
0xC882,-9.015625,0x8000,-0.0,0xA182,-8.809142651444724e-19,-0.0,-8.824090137794335e-19
0xC883,-9.0234375,0x8000,-0.0,0xA173,-8.233160247311799e-19,-0.0,-8.223866713992155e-19
0xC884,-9.03125,0x8000,-0.0,0xA162,-7.657177843178875e-19,-0.0,-7.664002914181757e-19
0xC885,-9.0390625,0x8000,-0.0,0xA153,-7.148958074826295e-19,-0.0,-7.141817208726213e-19
0xC886,-9.046875,0x8000,-0.0,0xA144,-6.640738306473715e-19,-0.0,-6.654804027739841e-19
0xC887,-9.0546875,0x8000,-0.0,0xA137,-6.2002811739014785e-19,-0.0,-6.200622363452139e-19
0xC888,-9.0625,0x8000,-0.0,0xA12B,-5.793705359219414e-19,-0.0,-5.77708510092357e-19
0xC889,-9.0703125,0x8000,-0.0,0xA11F,-5.38712954453735e-19,-0.0,-5.382149031222748e-19
0xC88A,-9.078125,0x8000,-0.0,0xA114,-5.014435047745458e-19,-0.0,-5.013905504023317e-19
0xC88B,-9.0859375,0x8000,-0.0,0xA10A,-4.675621868843738e-19,-0.0,-4.670571679253527e-19
0xC88C,-9.09375,0x8000,-0.0,0xA100,-4.336808689942018e-19,-0.0,-4.350482339942524e-19
0xC88D,-9.1015625,0x8000,-0.0,0xA0EF,-4.0488174878755556e-19,-0.0,-4.05208223076464e-19
0xC88E,-9.109375,0x8000,-0.0,0xA0DF,-3.7777669447541795e-19,-0.0,-3.773918888995665e-19
0xC88F,-9.1171875,0x8000,-0.0,0xA0CF,-3.5067164016328034e-19,-0.0,-3.5146359366719962e-19
0xC890,-9.125,0x8000,-0.0,0xA0C1,-3.2695471764015993e-19,-0.0,-3.2729668046928774e-19
0xC891,-9.1328125,0x8000,-0.0,0xA0B4,-3.049318610115481e-19,-0.0,-3.0477288614353106e-19
0xC892,-9.140625,0x8000,-0.0,0xA0A8,-2.846030702774449e-19,-0.0,-2.8378179201680343e-19
0xC893,-9.1484375,0x8000,-0.0,0xA09C,-2.642742795433417e-19,-0.0,-2.642203101161871e-19
0xC894,-9.15625,0x8000,-0.0,0xA091,-2.456395547037471e-19,-0.0,-2.4599220259053403e-19
0xC895,-9.1640625,0x8000,-0.0,0xA087,-2.286988957586611e-19,-0.0,-2.2900763222525987e-19
0xC896,-9.171875,0x8000,-0.0,0xA07C,-2.1345230270808369e-19,-0.0,-2.131827420661295e-19
0xC897,-9.1796875,0x8000,-0.0,0xA06A,-1.9820570965750628e-19,-0.0,-1.984392622926074e-19
0xC898,-9.1875,0x8000,-0.0,0xA05A,-1.8465318250143747e-19,-0.0,-1.847041425984289e-19
0xC899,-9.1953125,0x8000,-0.0,0xA04B,-1.7194768829262297e-19,-0.0,-1.719092084468675e-19
0xC89A,-9.203125,0x8000,-0.0,0xA03D,-1.6008922703106276e-19,-0.0,-1.5999083967117657e-19
0xC89B,-9.2109375,0x8000,-0.0,0xA030,-1.4907779871675686e-19,-0.0,-1.4888966998728194e-19
0xC89C,-9.21875,0x8000,-0.0,0xA024,-1.3891340334970526e-19,-0.0,-1.3855030607639226e-19
0xC89D,-9.2265625,0x8000,-0.0,0xA018,-1.2874900798265365e-19,-0.0,-1.2892106498014093e-19
0xC89E,-9.234375,0x8000,-0.0,0xA00E,-1.2027867851011065e-19,-0.0,-1.1995372863052473e-19
0xC89F,-9.2421875,0x8000,-0.0,0xA004,-1.1180834903756764e-19,-0.0,-1.11603314411584e-19
0xC8A0,-9.25,0x8000,-0.0,0x9FF5,-1.0376153603865179e-19,-0.0,-1.0382786071978384e-19
0xC8A1,-9.2578125,0x8000,-0.0,0x9FE4,-9.656175598699024e-20,-0.0,-9.658822655569103e-20
0xC8A2,-9.265625,0x8000,-0.0,0x9FD4,-8.978549240895584e-20,-0.0,-8.984790424106794e-20
0xC8A3,-9.2734375,0x8000,-0.0,0x9FC5,-8.343274530454858e-20,-0.0,-8.357284441317528e-20
0xC8A4,-9.28125,0x8000,-0.0,0x9FB8,-7.792703114739563e-20,-0.0,-7.773129250212835e-20
0xC8A5,-9.2890625,0x8000,-0.0,0x9FAB,-7.242131699024268e-20,-0.0,-7.229363594780966e-20
0xC8A6,-9.296875,0x8000,-0.0,0x9F9F,-6.733911930671688e-20,-0.0,-6.723226146031452e-20
0xC8A7,-9.3046875,0x8000,-0.0,0x9F94,-6.268043809681823e-20,-0.0,-6.252142167239292e-20
0xC8A8,-9.3125,0x8000,-0.0,0x9F89,-5.802175688691957e-20,-0.0,-5.813711057403475e-20
0xC8A9,-9.3203125,0x8000,-0.0,0x9F7F,-5.3998350387461647e-20,-0.0,-5.4056947158401674e-20
0xC8AA,-9.328125,0x8000,-0.0,0x9F6D,-5.0186702124817295e-20,-0.0,-5.026006674489896e-20
0xC8AB,-9.3359375,0x8000,-0.0,0x9F5D,-4.6798570335800094e-20,-0.0,-4.6727019479459805e-20
0xC8AC,-9.34375,0x8000,-0.0,0x9F4D,-4.341043854678289e-20,-0.0,-4.3439675544224677e-20
0xC8AD,-9.3515625,0x8000,-0.0,0x9F3F,-4.044582323139284e-20,-0.0,-4.038113663887616e-20
0xC8AE,-9.359375,0x8000,-0.0,0x9F31,-3.748120791600279e-20,-0.0,-3.753565332406096e-20
0xC8AF,-9.3671875,0x8000,-0.0,0x9F25,-3.494010907423989e-20,-0.0,-3.4888547843714833e-20
0xC8B0,-9.375,0x8000,-0.0,0x9F19,-3.239901023247699e-20,-0.0,-3.2426142067814813e-20
0xC8B1,-9.3828125,0x8000,-0.0,0x9F0E,-3.006966962752766e-20,-0.0,-3.013569022022115e-20
0xC8B2,-9.390625,0x8000,-0.0,0x9F04,-2.795208725939191e-20,-0.0,-2.800531607793659e-20
0xC8B3,-9.3984375,0x8000,-0.0,0x9EF6,-2.6046263128069735e-20,-0.0,-2.6023954348396562e-20
0xC8B4,-9.40625,0x8000,-0.0,0x9EE4,-2.414043899674756e-20,-0.0,-2.4181295950395418e-20
0xC8B5,-9.4140625,0x8000,-0.0,0x9ED4,-2.244637310223896e-20,-0.0,-2.2467736942034304e-20
0xC8B6,-9.421875,0x8000,-0.0,0x9EC5,-2.0858186326137146e-20,-0.0,-2.0874330855719675e-20
0xC8B7,-9.4296875,0x8000,-0.0,0x9EB7,-1.937587866844212e-20,-0.0,-1.9392744215821292e-20
0xC8B8,-9.4375,0x8000,-0.0,0x9EAA,-1.7999450129153882e-20,-0.0,-1.801521502918056e-20
0xC8B9,-9.4453125,0x8000,-0.0,0x9E9E,-1.6728900708272432e-20,-0.0,-1.6734514052307722e-20
0xC8BA,-9.453125,0x8000,-0.0,0x9E93,-1.556423040579777e-20,-0.0,-1.5543908651878732e-20
0xC8BB,-9.4609375,0x8000,-0.0,0x9E88,-1.4399560103323106e-20,-0.0,-1.4437129087094754e-20
0xC8BC,-9.46875,0x8000,-0.0,0x9E7D,-1.3393708478458624e-20,-0.0,-1.3408337053651123e-20
0xC8BD,-9.4765625,0x8000,-0.0,0x9E6B,-1.2440796412797536e-20,-0.0,-1.2452096339527085e-20
0xC8BE,-9.484375,0x8000,-0.0,0x9E5A,-1.1540823906339842e-20,-0.0,-1.156334545259801e-20
0xC8BF,-9.4921875,0x8000,-0.0,0x9E4B,-1.0746730518288936e-20,-0.0,-1.0737372089231183e-20
0xC8C0,-9.5,0x8000,-0.0,0x9E3C,-9.952637130238029e-21,-0.0,-9.969789321594476e-21
0xC8C1,-9.5078125,0x8000,-0.0,0x9E2F,-9.26442286059391e-21,-0.0,-9.25651338942212e-21
0xC8C2,-9.515625,0x8000,-0.0,0x9E22,-8.576208590949791e-21,-0.0,-8.593742989478335e-21
0xC8C3,-9.5234375,0x8000,-0.0,0x9E17,-7.99387343971246e-21,-0.0,-7.977939962971077e-21
0xC8C4,-9.53125,0x8000,-0.0,0x9E0C,-7.411538288475128e-21,-0.0,-7.40581128772533e-21
0xC8C5,-9.5390625,0x8000,-0.0,0x9E02,-6.88214269644119e-21,-0.0,-6.874292288057361e-21
0xC8C6,-9.546875,0x8000,-0.0,0x9DF1,-6.3792168840089494e-21,-0.0,-6.3805309810252695e-21
0xC8C7,-9.5546875,0x8000,-0.0,0x9DE0,-5.929230630780102e-21,-0.0,-5.921873483092617e-21
0xC8C8,-9.5625,0x8000,-0.0,0x9DD0,-5.505714157152952e-21,-0.0,-5.495850406254516e-21
0xC8C9,-9.5703125,0x8000,-0.0,0x9DC1,-5.108667463127499e-21,-0.0,-5.100164177361943e-21
0xC8CA,-9.578125,0x8000,-0.0,0x9DB3,-4.7380905487037425e-21,-0.0,-4.732677218760969e-21
0xC8CB,-9.5859375,0x8000,-0.0,0x9DA6,-4.393983413881683e-21,-0.0,-4.391400932458788e-21
0xC8CC,-9.59375,0x8000,-0.0,0x9D9A,-4.0763460586613204e-21,-0.0,-4.0744854338561916e-21
0xC8CD,-9.6015625,0x8000,-0.0,0x9D8F,-3.785178483042655e-21,-0.0,-3.780209984663778e-21
0xC8CE,-9.609375,0x8000,-0.0,0x9D84,-3.494010907423989e-21,-0.0,-3.5069740779627015e-21
0xC8CF,-9.6171875,0x8000,-0.0,0x9D76,-3.255782891008717e-21,-0.0,-3.253289131495425e-21
0xC8D0,-9.625,0x8000,-0.0,0x9D64,-3.017554874593445e-21,-0.0,-3.017770748191696e-21
0xC8D1,-9.6328125,0x8000,-0.0,0x9D53,-2.7925617479790214e-21,-0.0,-2.799131505663211e-21
0xC8D2,-9.640625,0x8000,-0.0,0x9D44,-2.5940384009662948e-21,-0.0,-2.5961742389494743e-21
0xC8D3,-9.6484375,0x8000,-0.0,0x9D36,-2.4087499437544166e-21,-0.0,-2.4077857831788287e-21
0xC8D4,-9.65625,0x8000,-0.0,0x9D29,-2.236696376343387e-21,-0.0,-2.2329311450334157e-21
0xC8D5,-9.6640625,0x8000,-0.0,0x9D1C,-2.064642808932357e-21,-0.0,-2.0706480739850393e-21
0xC8D6,-9.671875,0x8000,-0.0,0x9D11,-1.9190590211230242e-21,-0.0,-1.920042006210147e-21
0xC8D7,-9.6796875,0x8000,-0.0,0x9D07,-1.7867101231145398e-21,-0.0,-1.7802813559052335e-21
0xC8D8,-9.6875,0x8000,-0.0,0x9CF9,-1.6477437802056311e-21,-0.0,-1.6505931304173254e-21
0xC8D9,-9.6953125,0x8000,-0.0,0x9CE7,-1.5286297719979951e-21,-0.0,-1.5302588471855933e-21
0xC8DA,-9.703125,0x8000,-0.0,0x9CD6,-1.4161332086907834e-21,-0.0,-1.4186107319668455e-21
0xC8DB,-9.7109375,0x8000,-0.0,0x9CC7,-1.31687153518442e-21,-0.0,-1.3150281791965655e-21
0xC8DC,-9.71875,0x8000,-0.0,0x9CB8,-1.2176098616780567e-21,-0.0,-1.2189344566246113e-21
0xC8DD,-9.7265625,0x8000,-0.0,0x9CAB,-1.1315830779725419e-21,-0.0,-1.1297936375666987e-21
0xC8DE,-9.734375,0x8000,-0.0,0x9C9E,-1.045556294267027e-21,-0.0,-1.047107745234955e-21
0xC8DF,-9.7421875,0x8000,-0.0,0x9C93,-9.727644003623605e-22,-0.0,-9.704140946583463e-22
0xC8E0,-9.75,0x8000,-0.0,0x9C88,-8.999725064576941e-22,-0.0,-8.992828186815932e-22
0xC8E1,-9.7578125,0x8000,-0.0,0x9C7C,-8.337980574534519e-22,-0.0,-8.33314565443847e-22
0xC8E2,-9.765625,0x8000,-0.0,0x9C69,-7.709323308994218e-22,-0.0,-7.721383555901821e-22
0xC8E3,-9.7734375,0x8000,-0.0,0x9C58,-7.146840492458159e-22,-0.0,-7.154095882639064e-22
0xC8E4,-9.78125,0x8000,-0.0,0x9C48,-6.617444900424221e-22,-0.0,-6.628081856694996e-22
0xC8E5,-9.7890625,0x8000,-0.0,0x9C3A,-6.154223757394526e-22,-0.0,-6.140368666882049e-22
0xC8E6,-9.796875,0x8000,-0.0,0x9C2C,-5.69100261436483e-22,-0.0,-5.688195406741635e-22
0xC8E7,-9.8046875,0x8000,-0.0,0x9C1F,-5.260868695837256e-22,-0.0,-5.26899813161581e-22
0xC8E8,-9.8125,0x8000,-0.0,0x9C14,-4.896909226313924e-22,-0.0,-4.880395957755884e-22
0xC8E9,-9.8203125,0x8000,-0.0,0x9C09,-4.532949756790592e-22,-0.0,-4.520178131639009e-22
0xC8EA,-9.828125,0x8000,-0.0,0x9BFD,-4.18553389951832e-22,-0.0,-4.186292002555795e-22
0xC8EB,-9.8359375,0x8000,-0.0,0x9BEA,-3.8712052667481695e-22,-0.0,-3.8768318360949573e-22
0xC8EC,-9.84375,0x8000,-0.0,0x9BD9,-3.58996385848014e-22,-0.0,-3.590028410406782e-22
0xC8ED,-9.8515625,0x8000,-0.0,0x9BC9,-3.3252660624631713e-22,-0.0,-3.3242393410962494e-22
0xC8EE,-9.859375,0x8000,-0.0,0x9BBA,-3.077111878697263e-22,-0.0,-3.077940084297961e-22
0xC8EF,-9.8671875,0x8000,-0.0,0x9BAC,-2.845501307182415e-22,-0.0,-2.8497155709364634e-22
0xC8F0,-9.875,0x8000,-0.0,0x9B9F,-2.630434347918628e-22,-0.0,-2.6382524283938095e-22
0xC8F1,-9.8828125,0x8000,-0.0,0x9B94,-2.448454613156962e-22,-0.0,-2.44233174880674e-22
0xC8F2,-9.890625,0x8000,-0.0,0x9B89,-2.266474878395296e-22,-0.0,-2.260822366013308e-22
0xC8F3,-9.8984375,0x8000,-0.0,0x9B7D,-2.09276694975916e-22,-0.0,-2.0926746057766358e-22
0xC8F4,-9.90625,0x8000,-0.0,0x9B6A,-1.9356026333740848e-22,-0.0,-1.936914476344492e-22
0xC8F5,-9.9140625,0x8000,-0.0,0x9B59,-1.79498192924007e-22,-0.0,-1.7926382686693295e-22
0xC8F6,-9.921875,0x8000,-0.0,0x9B49,-1.6626330312315856e-22,-0.0,-1.6590075377254176e-22
0xC8F7,-9.9296875,0x8000,-0.0,0x9B3A,-1.5385559393486315e-22,-0.0,-1.5352444383280517e-22
0xC8F8,-9.9375,0x8000,-0.0,0x9B2C,-1.4227506535912076e-22,-0.0,-1.420627390694163e-22
0xC8F9,-9.9453125,0x8000,-0.0,0x9B1F,-1.315217173959314e-22,-0.0,-1.3144870526930155e-22
0xC8FA,-9.953125,0x8000,-0.0,0x9B13,-1.2159555004529507e-22,-0.0,-1.2162025773284582e-22
0xC8FB,-9.9609375,0x8000,-0.0,0x9B08,-1.1249656330721176e-22,-0.0,-1.1251981354782375e-22
0xC8FC,-9.96875,0x8000,-0.0,0x9AFC,-1.0422475718168149e-22,-0.0,-1.0409396852985369e-22
0xC8FD,-9.9765625,0x8000,-0.0,0x9AE9,-9.636654136242772e-23,-0.0,-9.629319709899848e-23
0xC8FE,-9.984375,0x8000,-0.0,0x9AD7,-8.892191584945048e-23,-0.0,-8.90715734821296e-23
0xC8FF,-9.9921875,0x8000,-0.0,0x9AC7,-8.230447094902625e-23,-0.0,-8.238651274244115e-23
0xC900,-10.0,0x8000,-0.0,0x9AB8,-7.610061635487855e-23,-0.0,-7.619853024160526e-23
0xC901,-10.0078125,0x8000,-0.0,0x9AAA,-7.031035206700735e-23,-0.0,-7.047101823702009e-23
0xC902,-10.015625,0x8000,-0.0,0x9A9E,-6.534726839168919e-23,-0.0,-6.517003840689936e-23
0xC903,-10.0234375,0x8000,-0.0,0x9A92,-6.038418471637102e-23,-0.0,-6.026412918004091e-23
0xC904,-10.03125,0x8000,-0.0,0x9A87,-5.583469134732937e-23,-0.0,-5.572412682541255e-23
0xC905,-10.0390625,0x8000,-0.0,0x9A79,-5.149199313142597e-23,-0.0,-5.1522999329599754e-23
0xC906,-10.046875,0x8000,-0.0,0x9A66,-4.756288522179909e-23,-0.0,-4.7635692158039294e-23
0xC907,-10.0546875,0x8000,-0.0,0x9A55,-4.4047367618448724e-23,-0.0,-4.40389850591573e-23
0xC908,-10.0625,0x8000,-0.0,0x9A45,-4.0738645168236613e-23,-0.0,-4.071135912935913e-23
0xC909,-10.0703125,0x8000,-0.0,0x9A36,-3.763671787116276e-23,-0.0,-3.7632873411580045e-23
0xC90A,-10.078125,0x8000,-0.0,0x9A28,-3.474158572722716e-23,-0.0,-3.478505035107741e-23
0xC90B,-10.0859375,0x8000,-0.0,0x9A1B,-3.205324873642982e-23,-0.0,-3.215076947958622e-23
0xC90C,-10.09375,0x8000,-0.0,0x9A10,-2.9778502051908996e-23,-0.0,-2.9714168743111575e-23
0xC90D,-10.1015625,0x8000,-0.0,0x9A05,-2.750375536738817e-23,-0.0,-2.746055292972019e-23
0xC90E,-10.109375,0x8000,-0.0,0x99F5,-2.5332406259436473e-23,-0.0,-2.5376308691927205e-23
0xC90F,-10.1171875,0x8000,-0.0,0x99E3,-2.347124988119216e-23,-0.0,-2.3448825693851193e-23
0xC910,-10.125,0x8000,-0.0,0x99D2,-2.1713491079516976e-23,-0.0,-2.1666423446411244e-23
0xC911,-10.1328125,0x8000,-0.0,0x99C2,-2.005912985441092e-23,-0.0,-2.0018283424635888e-23
0xC912,-10.140625,0x8000,-0.0,0x99B3,-1.8508166205873994e-23,-0.0,-1.8494386089802827e-23
0xC913,-10.1484375,0x8000,-0.0,0x99A5,-1.7060600133906196e-23,-0.0,-1.708545246577895e-23
0xC914,-10.15625,0x8000,-0.0,0x9999,-1.5819829215076654e-23,-0.0,-1.5782889943719486e-23
0xC915,-10.1640625,0x8000,-0.0,0x998D,-1.4579058296247113e-23,-0.0,-1.457874201234219e-23
0xC916,-10.171875,0x8000,-0.0,0x9982,-1.34416849539867e-23,-0.0,-1.346564163243625e-23
0xC917,-10.1796875,0x8000,-0.0,0x9971,-1.245940797657998e-23,-0.0,-1.2436767994208264e-23
0xC918,-10.1875,0x8000,-0.0,0x995E,-1.1477130999173259e-23,-0.0,-1.1485806414612571e-23
0xC919,-10.1953125,0x8000,-0.0,0x994D,-1.0598251598335667e-23,-0.0,-1.0606911149057389e-23
0xC91A,-10.203125,0x8000,-0.0,0x993D,-9.77107098578264e-24,-0.0,-9.794670907911916e-24
0xC91B,-10.2109375,0x8000,-0.0,0x992F,-9.04728794979874e-24,-0.0,-9.044076883146429e-24
0xC91C,-10.21875,0x8000,-0.0,0x9922,-8.375203702099405e-24,-0.0,-8.350493104296094e-24
0xC91D,-10.2265625,0x8000,-0.0,0x9915,-7.70311945440007e-24,-0.0,-7.709628955822291e-24
0xC91E,-10.234375,0x8000,-0.0,0x990A,-7.134432783269864e-24,-0.0,-7.11751369992063e-24
0xC91F,-10.2421875,0x8000,-0.0,0x98FE,-6.565746112139657e-24,-0.0,-6.5704728599559294e-24
0xC920,-10.25,0x8000,-0.0,0x98EB,-6.074607623436297e-24,-0.0,-6.065106330049758e-24
0xC921,-10.2578125,0x8000,-0.0,0x98D9,-5.609318528875219e-24,-0.0,-5.598268085960752e-24
0xC922,-10.265625,0x8000,-0.0,0x98C8,-5.169878828456423e-24,-0.0,-5.167047381332786e-24
0xC923,-10.2734375,0x8000,-0.0,0x98B8,-4.756288522179909e-24,-0.0,-4.768751321688626e-24
0xC924,-10.28125,0x8000,-0.0,0x98AA,-4.3943970041879595e-24,-0.0,-4.4008887162612345e-24
0xC925,-10.2890625,0x8000,-0.0,0x989D,-4.058354880338292e-24,-0.0,-4.061155114922557e-24
0xC926,-10.296875,0x8000,-0.0,0x9891,-3.748162150630907e-24,-0.0,-3.7474189441287335e-24
0xC927,-10.3046875,0x8000,-0.0,0x9886,-3.4638188150658034e-24,-0.0,-3.457708661986942e-24
0xC928,-10.3125,0x8000,-0.0,0x9877,-3.192400176571841e-24,-0.0,-3.1902008582955775e-24
0xC929,-10.3203125,0x8000,-0.0,0x9864,-2.946830932220161e-24,-0.0,-2.943209230747294e-24
0xC92A,-10.328125,0x8000,-0.0,0x9852,-2.714186384939622e-24,-0.0,-2.7151743734421004e-24
0xC92B,-10.3359375,0x8000,-0.0,0x9842,-2.507391231801365e-24,-0.0,-2.5046543184621687e-24
0xC92C,-10.34375,0x8000,-0.0,0x9833,-2.3135207757342493e-24,-0.0,-2.3103157755360102e-24
0xC92D,-10.3515625,0x8000,-0.0,0x9825,-2.1325750167382745e-24,-0.0,-2.1309260187904775e-24
0xC92E,-10.359375,0x8000,-0.0,0x9818,-1.9645539548134407e-24,-0.0,-1.9653453732761132e-24
0xC92F,-10.3671875,0x8000,-0.0,0x980C,-1.809457589959748e-24,-0.0,-1.8125202573748055e-24
0xC930,-10.375,0x8000,-0.0,0x9801,-1.6672859221771964e-24,-0.0,-1.6714767403770973e-24
0xC931,-10.3828125,0x8000,-0.0,0x97EF,-1.5445013000013564e-24,-0.0,-1.5413145774672342e-24
0xC932,-10.390625,0x8000,-0.0,0x97DC,-1.4217166778255163e-24,-0.0,-1.4212016870931997e-24
0xC933,-10.3984375,0x8000,-0.0,0x97CB,-1.3118567527208173e-24,-0.0,-1.3103690382416077e-24
0xC934,-10.40625,0x8000,-0.0,0x97BB,-1.2084591761516889e-24,-0.0,-1.2081059174973343e-24
0xC935,-10.4140625,0x8000,-0.0,0x97AC,-1.111523948118131e-24,-0.0,-1.113755547958137e-24
0xC936,-10.421875,0x8000,-0.0,0x979F,-1.027513417155714e-24,-0.0,-1.026711034107298e-24
0xC937,-10.4296875,0x8000,-0.0,0x9792,-9.435028861932972e-25,-0.0,-9.464116086337542e-25
0xC938,-10.4375,0x8000,-0.0,0x9787,-8.724170523020214e-25,-0.0,-8.723391589396367e-25
0xC939,-10.4453125,0x8000,-0.0,0x9779,-8.045623926785308e-25,-0.0,-8.040150126993648e-25
0xC93A,-10.453125,0x8000,-0.0,0x9765,-7.399389073228255e-25,-0.0,-7.409969633413922e-25
0xC93B,-10.4609375,0x8000,-0.0,0x9753,-6.817777705026908e-25,-0.0,-6.828765177217855e-25
0xC93C,-10.46875,0x8000,-0.0,0x9743,-6.3007898221812655e-25,-0.0,-6.292763495557926e-25
0xC93D,-10.4765625,0x8000,-0.0,0x9733,-5.783801939335623e-25,-0.0,-5.7984794337666685e-25
0xC93E,-10.484375,0x8000,-0.0,0x9725,-5.331437541845686e-25,-0.0,-5.3426941490696985e-25
0xC93F,-10.4921875,0x8000,-0.0,0x9718,-4.911384887033602e-25,-0.0,-4.922434947626284e-25
0xC940,-10.5,0x8000,-0.0,0x970C,-4.52364397489937e-25,-0.0,-4.534956633699692e-25
0xC941,-10.5078125,0x8000,-0.0,0x9701,-4.168214805442991e-25,-0.0,-4.177724258661851e-25
0xC942,-10.515625,0x8000,-0.0,0x96EE,-3.8450973786644646e-25,-0.0,-3.84839716579217e-25
0xC943,-10.5234375,0x8000,-0.0,0x96DB,-3.5381358232248645e-25,-0.0,-3.5448142344850407e-25
0xC944,-10.53125,0x8000,-0.0,0x96CA,-3.263486010463117e-25,-0.0,-3.2649802345779906e-25
0xC945,-10.5390625,0x8000,-0.0,0x96BA,-3.004992069040296e-25,-0.0,-3.0070532080926235e-25
0xC946,-10.546875,0x8000,-0.0,0x96AB,-2.762653998956401e-25,-0.0,-2.7693328017808293e-25
0xC947,-10.5546875,0x8000,-0.0,0x969E,-2.552627671550359e-25,-0.0,-2.5502494795237516e-25
0xC948,-10.5625,0x8000,-0.0,0x9691,-2.3426013441443167e-25,-0.0,-2.3483545488728946e-25
0xC949,-10.5703125,0x8000,-0.0,0x9686,-2.164886759416127e-25,-0.0,-2.162310940881402e-25
0xC94A,-10.578125,0x8000,-0.0,0x9676,-1.9871721746879376e-25,-0.0,-1.9908846868765979e-25
0xC94B,-10.5859375,0x8000,-0.0,0x9663,-1.8336913969681375e-25,-0.0,-1.8329370399981827e-25
0xC94C,-10.59375,0x8000,-0.0,0x9651,-1.6882885549178006e-25,-0.0,-1.6874171931938224e-25
0xC94D,-10.6015625,0x8000,-0.0,0x9640,-1.550963648536927e-25,-0.0,-1.5533555489475432e-25
0xC94E,-10.609375,0x8000,-0.0,0x9631,-1.4297946134949795e-25,-0.0,-1.4298574993368428e-25
0xC94F,-10.6171875,0x8000,-0.0,0x9623,-1.3167035141224952e-25,-0.0,-1.3160976780909529e-25
0xC950,-10.625,0x8000,-0.0,0x9616,-1.2116903504194741e-25,-0.0,-1.2113146491729157e-25
0xC951,-10.6328125,0x8000,-0.0,0x960A,-1.1147551223859162e-25,-0.0,-1.1148059990485747e-25
0xC952,-10.640625,0x8000,-0.0,0x95FE,-1.0258978300218214e-25,-0.0,-1.0259238022514904e-25
0xC953,-10.6484375,0x8000,-0.0,0x95EA,-9.451184733271898e-26,-0.0,-9.440704321183583e-26
0xC954,-10.65625,0x8000,-0.0,0x95D7,-8.683780844672898e-26,-0.0,-8.686946906678892e-26
0xC955,-10.6640625,0x8000,-0.0,0x95C6,-7.997156312768529e-26,-0.0,-7.992882335395181e-26
0xC956,-10.671875,0x8000,-0.0,0x95B6,-7.350921459211476e-26,-0.0,-7.353822677080639e-26
0xC957,-10.6796875,0x8000,-0.0,0x95A8,-6.785465962349055e-26,-0.0,-6.765445013570723e-26
0xC958,-10.6875,0x8000,-0.0,0x959A,-6.220010465486634e-26,-0.0,-6.223763268367921e-26
0xC959,-10.6953125,0x8000,-0.0,0x958E,-5.735334325318844e-26,-0.0,-5.725102190615991e-26
0xC95A,-10.703125,0x8000,-0.0,0x9582,-5.250658185151055e-26,-0.0,-5.266073330245734e-26
0xC95B,-10.7109375,0x8000,-0.0,0x9570,-4.8467614016778965e-26,-0.0,-4.8435528533163985e-26
0xC95C,-10.71875,0x8000,-0.0,0x955D,-4.4630594573783964e-26,-0.0,-4.454661057914095e-26
0xC95D,-10.7265625,0x8000,-0.0,0x954B,-4.099552352252554e-26,-0.0,-4.096743461462938e-26
0xC95E,-10.734375,0x8000,-0.0,0x953B,-3.776434925474028e-26,-0.0,-3.767353340018144e-26
0xC95F,-10.7421875,0x8000,-0.0,0x952C,-3.473512337869159e-26,-0.0,-3.4642356091004693e-26
0xC960,-10.75,0x8000,-0.0,0x951E,-3.1907845894379486e-26,-0.0,-3.1853119439514353e-26
0xC961,-10.7578125,0x8000,-0.0,0x9511,-2.928251680180396e-26,-0.0,-2.9286670447883e-26
0xC962,-10.765625,0x8000,-0.0,0x9505,-2.685913610096501e-26,-0.0,-2.6925359597624e-26
0xC963,-10.7734375,0x8000,-0.0,0x94F5,-2.473867798773093e-26,-0.0,-2.4752923849168666e-26
0xC964,-10.78125,0x8000,-0.0,0x94E1,-2.271919407036514e-26,-0.0,-2.2754378665391133e-26
0xC965,-10.7890625,0x8000,-0.0,0x94CF,-2.090165854473593e-26,-0.0,-2.091591836946469e-26
0xC966,-10.796875,0x8000,-0.0,0x94BE,-1.9185097214975007e-26,-0.0,-1.9224824199635965e-26
0xC967,-10.8046875,0x8000,-0.0,0x94AF,-1.7670484276950664e-26,-0.0,-1.7669379471793394e-26
0xC968,-10.8125,0x8000,-0.0,0x94A1,-1.625684553479461e-26,-0.0,-1.6238791305373456e-26
0xC969,-10.8203125,0x8000,-0.0,0x9494,-1.4944180988506848e-26,-0.0,-1.49231184094614e-26
0xC96A,-10.828125,0x8000,-0.0,0x9488,-1.3732490638087374e-26,-0.0,-1.3713204464152203e-26
0xC96B,-10.8359375,0x8000,-0.0,0x947A,-1.2621774483536189e-26,-0.0,-1.2600616667572819e-26
0xC96C,-10.84375,0x8000,-0.0,0x9465,-1.1561545426919149e-26,-0.0,-1.15775890516427e-26
0xC96D,-10.8515625,0x8000,-0.0,0x9453,-1.0652777664104543e-26,-0.0,-1.0636970199863932e-26
0xC96E,-10.859375,0x8000,-0.0,0x9442,-9.794496999224083e-27,-0.0,-9.772175028369014e-27
0xC96F,-10.8671875,0x8000,-0.0,0x9432,-8.986703432277766e-27,-0.0,-8.977140317283151e-27
0xC970,-10.875,0x8000,-0.0,0x9423,-8.229396963265595e-27,-0.0,-8.246283703336286e-27
0xC971,-10.8828125,0x8000,-0.0,0x9416,-7.573064690121713e-27,-0.0,-7.574465866734142e-27
0xC972,-10.890625,0x8000,-0.0,0x940A,-6.967219514911976e-27,-0.0,-6.956955665701827e-27
0xC973,-10.8984375,0x8000,-0.0,0x93FD,-6.3866178886693116e-27,-0.0,-6.389397990973535e-27
0xC974,-10.90625,0x8000,-0.0,0x93E8,-5.856503360360792e-27,-0.0,-5.8677841299329905e-27
0xC975,-10.9140625,0x8000,-0.0,0x93D5,-5.3768759299864165e-27,-0.0,-5.388424446218879e-27
0xC976,-10.921875,0x8000,-0.0,0x93C4,-4.947735597546186e-27,-0.0,-4.947923195496772e-27
0xC977,-10.9296875,0x8000,-0.0,0x93B4,-4.543838814073028e-27,-0.0,-4.543155311855726e-27
0xC978,-10.9375,0x8000,-0.0,0x93A5,-4.165185579566942e-27,-0.0,-4.1712450119989954e-27
0xC979,-10.9453125,0x8000,-0.0,0x9398,-3.8370194429950014e-27,-0.0,-3.829546076142643e-27
0xC97A,-10.953125,0x8000,-0.0,0x938B,-3.5088533064230605e-27,-0.0,-3.515623675386265e-27
0xC97B,-10.9609375,0x8000,-0.0,0x9380,-3.2311742677852644e-27,-0.0,-3.2272376253437635e-27
0xC97C,-10.96875,0x8000,-0.0,0x936B,-2.9661170036310044e-27,-0.0,-2.9623269550816886e-27
0xC97D,-10.9765625,0x8000,-0.0,0x9357,-2.7136815139602806e-27,-0.0,-2.7189956889655894e-27
0xC97E,-10.984375,0x8000,-0.0,0x9346,-2.4991113477401654e-27,-0.0,-2.495499746914677e-27
0xC97F,-10.9921875,0x8000,-0.0,0x9335,-2.2845411815200502e-27,-0.0,-2.29023487586115e-27
0xC980,-11.0,0x8000,-0.0,0x9327,-2.1078363387505435e-27,-0.0,-2.1017255319485433e-27
0xC981,-11.0078125,0x8000,-0.0,0x9319,-1.931131495981037e-27,-0.0,-1.92861463922569e-27
0xC982,-11.015625,0x8000,-0.0,0x930C,-1.7670484276950664e-27,-0.0,-1.7696541563384162e-27
0xC983,-11.0234375,0x8000,-0.0,0x9301,-1.6282089083761684e-27,-0.0,-1.623696388026123e-27
0xC984,-11.03125,0x8000,-0.0,0x92EC,-1.4893693890572703e-27,-0.0,-1.4896859831283765e-27
0xC985,-11.0390625,0x8000,-0.0,0x92D9,-1.3694625314636765e-27,-0.0,-1.3666525653284585e-27
0xC986,-11.046875,0x8000,-0.0,0x92C7,-1.2558665611118508e-27,-0.0,-1.2537039470351669e-27
0xC987,-11.0546875,0x8000,-0.0,0x92B6,-1.1485814780017932e-27,-0.0,-1.1500198806573962e-27
0xC988,-11.0625,0x8000,-0.0,0x92A7,-1.0539181693752718e-27,-0.0,-1.0548463050826984e-27
0xC989,-11.0703125,0x8000,-0.0,0x9299,-9.655657479905184e-28,-0.0,-9.674900484536805e-28
0xC98A,-11.078125,0x8000,-0.0,0x928D,-8.898351010893013e-28,-0.0,-8.873139513656818e-28
0xC98B,-11.0859375,0x8000,-0.0,0x9281,-8.141044541880842e-28,-0.0,-8.137323774049993e-28
0xC98C,-11.09375,0x8000,-0.0,0x926C,-7.446846945286351e-28,-0.0,-7.462070805268752e-28
0xC98D,-11.1015625,0x8000,-0.0,0x9259,-6.8473126573183825e-28,-0.0,-6.842434011530171e-28
0xC98E,-11.109375,0x8000,-0.0,0x9247,-6.279332805559254e-28,-0.0,-6.273867650648809e-28
0xC98F,-11.1171875,0x8000,-0.0,0x9236,-5.742907390008966e-28,-0.0,-5.752194611953863e-28
0xC990,-11.125,0x8000,-0.0,0x9227,-5.269590846876359e-28,-0.0,-5.273576762912153e-28
0xC991,-11.1328125,0x8000,-0.0,0x9219,-4.827828739952592e-28,-0.0,-4.834487661423851e-28
0xC992,-11.140625,0x8000,-0.0,0x920C,-4.417621069237666e-28,-0.0,-4.431687446665503e-28
0xC993,-11.1484375,0x8000,-0.0,0x9201,-4.070522270940421e-28,-0.0,-4.06219973602722e-28
0xC994,-11.15625,0x8000,-0.0,0x91EC,-3.7234234726431757e-28,-0.0,-3.723290369223275e-28
0xC995,-11.1640625,0x8000,-0.0,0x91D8,-3.407879110554771e-28,-0.0,-3.4124478531353155e-28
0xC996,-11.171875,0x8000,-0.0,0x91C6,-3.1238891846752067e-28,-0.0,-3.127365372456074e-28
0xC997,-11.1796875,0x8000,-0.0,0x91B6,-2.871453695004483e-28,-0.0,-2.8659242418138315e-28
0xC998,-11.1875,0x8000,-0.0,0x91A6,-2.619018205333759e-28,-0.0,-2.626178684843004e-28
0xC999,-11.1953125,0x8000,-0.0,0x9199,-2.413914369976296e-28,-0.0,-2.406341834688056e-28
0xC99A,-11.203125,0x8000,-0.0,0x918C,-2.208810534618833e-28,-0.0,-2.2047728587454397e-28
0xC99B,-11.2109375,0x8000,-0.0,0x9180,-2.0194839173657902e-28,-0.0,-2.019965118115925e-28
0xC99C,-11.21875,0x8000,-0.0,0x916B,-1.8538231272693777e-28,-0.0,-1.8505352793078226e-28
0xC99D,-11.2265625,0x8000,-0.0,0x9157,-1.6960509462251754e-28,-0.0,-1.6952133022466468e-28
0xC99E,-11.234375,0x8000,-0.0,0x9145,-1.5540559832853933e-28,-0.0,-1.552833234651622e-28
0xC99F,-11.2421875,0x8000,-0.0,0x9134,-1.4199496293978212e-28,-0.0,-1.4223247483736719e-28
0xC9A0,-11.25,0x8000,-0.0,0x9125,-1.3016204936146695e-28,-0.0,-1.3027053583897219e-28
0xC9A1,-11.2578125,0x8000,-0.0,0x9117,-1.1911799668837278e-28,-0.0,-1.193073269847988e-28
0xC9A2,-11.265625,0x8000,-0.0,0x910B,-1.0965166582572064e-28,-0.0,-1.0926008028896015e-28
0xC9A3,-11.2734375,0x8000,-0.0,0x90FE,-1.001853349630685e-28,-0.0,-1.0005283489621318e-28
0xC9A4,-11.28125,0x8000,-0.0,0x90E8,-9.150786500563737e-29,-0.0,-9.161588160168577e-29
0xC9A5,-11.2890625,0x8000,-0.0,0x90D5,-8.401368640603776e-29,-0.0,-8.388525233684801e-29
0xC9A6,-11.296875,0x8000,-0.0,0x90C3,-7.691393825904865e-29,-0.0,-7.680225101159357e-29
0xC9A7,-11.3046875,0x8000,-0.0,0x90B2,-7.020862056467005e-29,-0.0,-7.031302238969178e-29
0xC9A8,-11.3125,0x8000,-0.0,0x90A3,-6.429216377551246e-29,-0.0,-6.436815593958526e-29
0xC9A9,-11.3203125,0x8000,-0.0,0x9095,-5.877013743896538e-29,-0.0,-5.892232184631585e-29
0xC9AA,-11.328125,0x8000,-0.0,0x9089,-5.403697200763931e-29,-0.0,-5.393393659489979e-29
0xC9AB,-11.3359375,0x8000,-0.0,0x907A,-4.930380657631324e-29,-0.0,-4.936485574225079e-29
0xC9AC,-11.34375,0x8000,-0.0,0x9065,-4.5162286823902926e-29,-0.0,-4.5180091685159083e-29
0xC9AD,-11.3515625,0x8000,-0.0,0x9052,-4.141519752410312e-29,-0.0,-4.134755440716025e-29
0xC9AE,-11.359375,0x8000,-0.0,0x9040,-3.7865323450608567e-29,-0.0,-3.7837813348553376e-29
0xC9AF,-11.3671875,0x8000,-0.0,0x9030,-3.470987982972452e-29,-0.0,-3.46238786924469e-29
0xC9B0,-11.375,0x8000,-0.0,0x9021,-3.1751651435145725e-29,-0.0,-3.168100049652841e-29
0xC9B1,-11.3828125,0x8000,-0.0,0x9013,-2.8990638266872184e-29,-0.0,-2.898648422620158e-29
0xC9B2,-11.390625,0x8000,-0.0,0x9006,-2.6426840324903895e-29,-0.0,-2.651952136066449e-29
0xC9B3,-11.3984375,0x8000,-0.0,0x8FF6,-2.4257472835546113e-29,-0.0,-2.426103385020916e-29
0xC9B4,-11.40625,0x8000,-0.0,0x8FE1,-2.2186712959340957e-29,-0.0,-2.2193531301229133e-29
0xC9B5,-11.4140625,0x8000,-0.0,0x8FCE,-2.0313168309441054e-29,-0.0,-2.0300979855802032e-29
0xC9B6,-11.421875,0x8000,-0.0,0x8FBC,-1.8538231272693777e-29,-0.0,-1.8568681815885011e-29
0xC9B7,-11.4296875,0x8000,-0.0,0x8FAC,-1.6960509462251754e-29,-0.0,-1.6983165138693198e-29
0xC9B8,-11.4375,0x8000,-0.0,0x8F9E,-1.5580002878114983e-29,-0.0,-1.5532082000249754e-29
0xC9B9,-11.4453125,0x8000,-0.0,0x8F90,-1.4199496293978212e-29,-0.0,-1.420411568888531e-29
0xC9BA,-11.453125,0x8000,-0.0,0x8F84,-1.3016204936146695e-29,-0.0,-1.2988895150070266e-29
0xC9BB,-11.4609375,0x8000,-0.0,0x8F71,-1.188221738489149e-29,-0.0,-1.1876916558796994e-29
0xC9BC,-11.46875,0x8000,-0.0,0x8F5C,-1.0846837446788912e-29,-0.0,-1.0859471346168986e-29
0xC9BD,-11.4765625,0x8000,-0.0,0x8F49,-9.910065121838961e-30,-0.0,-9.928580153249581e-30
0xC9BE,-11.484375,0x8000,-0.0,0x8F38,-9.071900410041636e-30,-0.0,-9.076932227895469e-30
0xC9BF,-11.4921875,0x8000,-0.0,0x8F28,-8.283039504820624e-30,-0.0,-8.297829819545948e-30
0xC9C0,-11.5,0x8000,-0.0,0x8F1A,-7.592786212752239e-30,-0.0,-7.585137163030726e-30
0xC9C1,-11.5078125,0x8000,-0.0,0x8F0D,-6.951836727260167e-30,-0.0,-6.933233675648145e-30
0xC9C2,-11.515625,0x8000,-0.0,0x8F01,-6.360191048344408e-30,-0.0,-6.336971022283627e-30
0xC9C3,-11.5234375,0x8000,-0.0,0x8EEB,-5.7931972727168054e-30,-0.0,-5.7916337313979275e-30
0xC9C4,-11.53125,0x8000,-0.0,0x8ED7,-5.300159206953673e-30,-0.0,-5.292903070512821e-30
0xC9C5,-11.5390625,0x8000,-0.0,0x8EC4,-4.831773044478697e-30,-0.0,-4.836823913538848e-30
0xC9C6,-11.546875,0x8000,-0.0,0x8EB3,-4.412690688580035e-30,-0.0,-4.4197743540922164e-30
0xC9C7,-11.5546875,0x8000,-0.0,0x8EA4,-4.0429121392576855e-30,-0.0,-4.038437838989014e-30
0xC9C8,-11.5625,0x8000,-0.0,0x8E96,-3.697785493223493e-30,-0.0,-3.6897776145257834e-30
0xC9C9,-11.5703125,0x8000,-0.0,0x8E89,-3.377310750477457e-30,-0.0,-3.371013295085965e-30
0xC9CA,-11.578125,0x8000,-0.0,0x8E7A,-3.0814879110195774e-30,-0.0,-3.07959937917143e-30
0xC9CB,-11.5859375,0x8000,-0.0,0x8E64,-2.8103169748498546e-30,-0.0,-2.8132055522572513e-30
0xC9CC,-11.59375,0x8000,-0.0,0x8E50,-2.5637979419682884e-30,-0.0,-2.569698629007342e-30
0xC9CD,-11.6015625,0x8000,-0.0,0x8E3E,-2.3419308123748788e-30,-0.0,-2.3471259994618655e-30
0xC9CE,-11.609375,0x8000,-0.0,0x8E2E,-2.144715586069626e-30,-0.0,-2.1437004549001222e-30
0xC9CF,-11.6171875,0x8000,-0.0,0x8E1F,-1.9598263114084512e-30,-0.0,-1.9577862792739933e-30
0xC9D0,-11.625,0x8000,-0.0,0x8E11,-1.787262988391355e-30,-0.0,-1.7878865014695115e-30
0xC9D1,-11.6328125,0x8000,-0.0,0x8E04,-1.627025617018337e-30,-0.0,-1.6326312122546654e-30
0xC9D2,-11.640625,0x8000,-0.0,0x8DF2,-1.4914401489334754e-30,-0.0,-1.4907668576715857e-30
0xC9D3,-11.6484375,0x8000,-0.0,0x8DDD,-1.3620176566706532e-30,-0.0,-1.3611464278873826e-30
0xC9D4,-11.65625,0x8000,-0.0,0x8DCA,-1.2449211160519093e-30,-0.0,-1.2427204671821737e-30
0xC9D5,-11.6640625,0x8000,-0.0,0x8DB8,-1.1339875512552045e-30,-0.0,-1.1345288368731254e-30
0xC9D6,-11.671875,0x8000,-0.0,0x8DA8,-1.035379938102578e-30,-0.0,-1.0356931685936578e-30
0xC9D7,-11.6796875,0x8000,-0.0,0x8D99,-9.429353007719907e-31,-0.0,-9.454099505078573e-31
0xC9D8,-11.6875,0x8000,-0.0,0x8D8C,-8.628166150854817e-31,-0.0,-8.629441937788208e-31
0xC9D9,-11.6953125,0x8000,-0.0,0x8D80,-7.888609052210118e-31,-0.0,-7.876236309604121e-31
0xC9DA,-11.703125,0x8000,-0.0,0x8D69,-7.179866832675615e-31,-0.0,-7.18833401976201e-31
0xC9DB,-11.7109375,0x8000,-0.0,0x8D55,-6.5635692504717e-31,-0.0,-6.560111870161903e-31
0xC9DC,-11.71875,0x8000,-0.0,0x8D42,-5.97808654737798e-31,-0.0,-5.9864274904789335e-31
0xC9DD,-11.7265625,0x8000,-0.0,0x8D31,-5.454233602504652e-31,-0.0,-5.462578517279331e-31
0xC9DE,-11.734375,0x8000,-0.0,0x8D22,-4.992010415851715e-31,-0.0,-4.984265213360661e-31
0xC9DF,-11.7421875,0x8000,-0.0,0x8D14,-4.5606021083089745e-31,-0.0,-4.547556239561034e-31
0xC9E0,-11.75,0x8000,-0.0,0x8D07,-4.1600086798764294e-31,-0.0,-4.1488573151660424e-31
0xC9E1,-11.7578125,0x8000,-0.0,0x8CF6,-3.79023013055408e-31,-0.0,-3.784882524959512e-31
0xC9E2,-11.765625,0x8000,-0.0,0x8CE0,-3.4512664603419266e-31,-0.0,-3.4526280510753438e-31
0xC9E3,-11.7734375,0x8000,-0.0,0x8CCC,-3.143117669239969e-31,-0.0,-3.1493481262603767e-31
0xC9E4,-11.78125,0x8000,-0.0,0x8CBA,-2.865783757248207e-31,-0.0,-2.872533022088103e-31
0xC9E5,-11.7890625,0x8000,-0.0,0x8CAA,-2.6192647243666408e-31,-0.0,-2.619888901194719e-31
0xC9E6,-11.796875,0x8000,-0.0,0x8C9B,-2.3881531310401725e-31,-0.0,-2.3893193768570805e-31
0xC9E7,-11.8046875,0x8000,-0.0,0x8C8D,-2.172448977268802e-31,-0.0,-2.1789086363017804e-31
0xC9E8,-11.8125,0x8000,-0.0,0x8C81,-1.9875597026076274e-31,-0.0,-1.986905996122523e-31
0xC9E9,-11.8203125,0x8000,-0.0,0x8C6B,-1.8103741477240017e-31,-0.0,-1.8117117691780123e-31
0xC9EA,-11.828125,0x8000,-0.0,0x8C56,-1.6485960323954739e-31,-0.0,-1.6518643324262802e-31
0xC9EB,-11.8359375,0x8000,-0.0,0x8C43,-1.502225356622044e-31,-0.0,-1.50602829439872e-31
0xC9EC,-11.84375,0x8000,-0.0,0x8C32,-1.371262120403712e-31,-0.0,-1.3729836694968337e-31
0xC9ED,-11.8515625,0x8000,-0.0,0x8C22,-1.2480026039629288e-31,-0.0,-1.2516159740700928e-31
0xC9EE,-11.859375,0x8000,-0.0,0x8C14,-1.1401505270772436e-31,-0.0,-1.1409071663623824e-31
0xC9EF,-11.8671875,0x8000,-0.0,0x8C07,-1.0400021699691074e-31,-0.0,-1.0399273589505349e-31
0xC9F0,-11.875,0x8000,-0.0,0x8BF6,-9.4755753263852e-32,-0.0,-9.478272382904202e-32
0xC9F1,-11.8828125,0x8000,-0.0,0x8BE0,-8.628166150854817e-32,-0.0,-8.638311314788666e-32
0xC9F2,-11.890625,0x8000,-0.0,0x8BCC,-7.857794173099922e-32,-0.0,-7.872306653745971e-32
0xC9F3,-11.8984375,0x8000,-0.0,0x8BBA,-7.164459393120517e-32,-0.0,-7.173789678362461e-32
0xC9F4,-11.90625,0x8000,-0.0,0x8BAA,-6.548161810916602e-32,-0.0,-6.536853650651496e-32
0xC9F5,-11.9140625,0x8000,-0.0,0x8B9B,-5.970382827600431e-32,-0.0,-5.956105329168623e-32
0xC9F6,-11.921875,0x8000,-0.0,0x8B8D,-5.431122443172005e-32,-0.0,-5.426620635975709e-32
0xC9F7,-11.9296875,0x8000,-0.0,0x8B80,-4.930380657631324e-32,-0.0,-4.94390412416587e-32
0xC9F8,-11.9375,0x8000,-0.0,0x8B6A,-4.506676069866132e-32,-0.0,-4.503851922486164e-32
0xC9F9,-11.9453125,0x8000,-0.0,0x8B55,-4.1022307815448124e-32,-0.0,-4.1027178609213216e-32
0xC9FA,-11.953125,0x8000,-0.0,0x8B42,-3.7363040921112376e-32,-0.0,-3.73708250613703e-32
0xC9FB,-11.9609375,0x8000,-0.0,0x8B31,-3.4088960015654075e-32,-0.0,-3.403824858616086e-32
0xC9FC,-11.96875,0x8000,-0.0,0x8B21,-3.1007472104634497e-32,-0.0,-3.1000964843299515e-32
0xC9FD,-11.9765625,0x8000,-0.0,0x8B13,-2.8311170182492367e-32,-0.0,-2.8232978730322263e-32
0xC9FE,-11.984375,0x8000,-0.0,0x8B05,-2.5614868260350237e-32,-0.0,-2.571056832886586e-32
0xC9FF,-11.9921875,0x8000,-0.0,0x8AF3,-2.3400048824304916e-32,-0.0,-2.341208747284673e-32
0xCA00,-12.0,0x8000,-0.0,0x8ADD,-2.1281525885478956e-32,-0.0,-2.1317785344932147e-32
0xCA01,-12.0078125,0x8000,-0.0,0x8ACA,-1.9451892438311082e-32,-0.0,-1.9409641643077498e-32
0xCA02,-12.015625,0x8000,-0.0,0x8AB8,-1.771855548836257e-32,-0.0,-1.7671215982869572e-32
0xCA03,-12.0234375,0x8000,-0.0,0x8AA7,-1.608151503563342e-32,-0.0,-1.6087510314922213e-32
0xCA04,-12.03125,0x8000,-0.0,0x8A98,-1.4637067577342992e-32,-0.0,-1.4644843240492873e-32
0xCA05,-12.0390625,0x8000,-0.0,0x8A8A,-1.3288916616271927e-32,-0.0,-1.3330735203629792e-32
0xCA06,-12.046875,0x8000,-0.0,0x8A7C,-1.2133358649639586e-32,-0.0,-1.2133803625256108e-32
0xCA07,-12.0546875,0x8000,-0.0,0x8A65,-1.1025948931616925e-32,-0.0,-1.1043667124324004e-32
0xCA08,-12.0625,0x8000,-0.0,0x8A51,-1.0062983959423307e-32,-0.0,-1.005085804414801e-32
0xCA09,-12.0703125,0x8000,-0.0,0x8A3E,-9.14816723583937e-33,-0.0,-9.146742568819048e-33
0xCA0A,-12.078125,0x8000,-0.0,0x8A2D,-8.329647009474795e-33,-0.0,-8.32344777572969e-33
0xCA0B,-12.0859375,0x8000,-0.0,0x8A1D,-7.559275031719901e-33,-0.0,-7.573795026183035e-33
0xCA0C,-12.09375,0x8000,-0.0,0x8A0F,-6.885199551184368e-33,-0.0,-6.891239147249343e-33
0xCA0D,-12.1015625,0x8000,-0.0,0x8A02,-6.259272319258517e-33,-0.0,-6.26981290487649e-33
0xCA0E,-12.109375,0x8000,-0.0,0x89ED,-5.705567460247186e-33,-0.0,-5.704076311119138e-33
0xCA0F,-12.1171875,0x8000,-0.0,0x89D8,-5.200010849845537e-33,-0.0,-5.1890703475635214e-33
0xCA10,-12.125,0x8000,-0.0,0x89C4,-4.718528363748728e-33,-0.0,-4.7202747228977605e-33
0xCA11,-12.1328125,0x8000,-0.0,0x89B2,-4.2851941262616e-33,-0.0,-4.29356931539399e-33
0xCA12,-12.140625,0x8000,-0.0,0x89A2,-3.9000081373841526e-33,-0.0,-3.905198981086669e-33
0xCA13,-12.1484375,0x8000,-0.0,0x8994,-3.562970397116386e-33,-0.0,-3.551741435888153e-33
0xCA14,-12.15625,0x8000,-0.0,0x8986,-3.22593265684862e-33,-0.0,-3.230077944994851e-33
0xCA15,-12.1640625,0x8000,-0.0,0x8974,-2.9370431651905347e-33,-0.0,-2.9373665759037568e-33
0xCA16,-12.171875,0x8000,-0.0,0x895E,-2.6722277978372897e-33,-0.0,-2.6710177923618203e-33
0xCA17,-12.1796875,0x8000,-0.0,0x894A,-2.4314865547888853e-33,-0.0,-2.42867218577619e-33
0xCA18,-12.1875,0x8000,-0.0,0x8937,-2.202782373892901e-33,-0.0,-2.208180158174438e-33
0xCA19,-12.1953125,0x8000,-0.0,0x8927,-2.0101893794541774e-33,-0.0,-2.0075833868602443e-33
0xCA1A,-12.203125,0x8000,-0.0,0x8918,-1.829633447167874e-33,-0.0,-1.8250979155896377e-33
0xCA1B,-12.2109375,0x8000,-0.0,0x890A,-1.661114577033991e-33,-0.0,-1.6590987305129648e-33
0xCA1C,-12.21875,0x8000,-0.0,0x88FB,-1.5106513001287381e-33,-0.0,-1.5081056913955227e-33
0xCA1D,-12.2265625,0x8000,-0.0,0x88E4,-1.3722250853759055e-33,-0.0,-1.3707706998435168e-33
0xCA1E,-12.234375,0x8000,-0.0,0x88CF,-1.2458359327754932e-33,-0.0,-1.2458659965115276e-33
0xCA1F,-12.2421875,0x8000,-0.0,0x88BC,-1.131483842327501e-33,-0.0,-1.1322734886353402e-33
0xCA20,-12.25,0x8000,-0.0,0x88AB,-1.0291688140319292e-33,-0.0,-1.0289750177950936e-33
0xCA21,-12.2578125,0x8000,-0.0,0x889B,-9.328723168125674e-34,-0.0,-9.35043485637194e-34
0xCA22,-12.265625,0x8000,-0.0,0x888D,-8.486128817456258e-34,-0.0,-8.496347624323955e-34
0xCA23,-12.2734375,0x8000,-0.0,0x8880,-7.703719777548943e-34,-0.0,-7.71980309879615e-34
0xCA24,-12.28125,0x8000,-0.0,0x8869,-7.0115887037847805e-34,-0.0,-7.013804555332424e-34
0xCA25,-12.2890625,0x8000,-0.0,0x8854,-6.379642940782719e-34,-0.0,-6.3719826168427265e-34
0xCA26,-12.296875,0x8000,-0.0,0x8840,-5.7777898331617076e-34,-0.0,-5.788539365067495e-34
0xCA27,-12.3046875,0x8000,-0.0,0x882F,-5.266214691683848e-34,-0.0,-5.258197398312281e-34
0xCA28,-12.3125,0x8000,-0.0,0x881F,-4.784732205587039e-34,-0.0,-4.776153400632509e-34
0xCA29,-12.3203125,0x8000,-0.0,0x8810,-4.333342374871281e-34,-0.0,-4.338035825610475e-34
0xCA2A,-12.328125,0x8000,-0.0,0x8803,-3.942137854917623e-34,-0.0,-3.9398663325378415e-34
0xCA2B,-12.3359375,0x8000,-0.0,0x87EE,-3.5810259903450167e-34,-0.0,-3.578024644480202e-34
0xCA2C,-12.34375,0x8000,-0.0,0x87D8,-3.2500067811534605e-34,-0.0,-3.249216526614991e-34
0xCA2D,-12.3515625,0x8000,-0.0,0x87C4,-2.949080227342955e-34,-0.0,-2.950444609636787e-34
0xCA2E,-12.359375,0x8000,-0.0,0x87B2,-2.6782463289135e-34,-0.0,-2.6789818071317534e-34
0xCA2F,-12.3671875,0x8000,-0.0,0x87A2,-2.4375050858650954e-34,-0.0,-2.4323470978335435e-34
0xCA30,-12.375,0x8000,-0.0,0x8793,-2.211810170507216e-34,-0.0,-2.208283463767586e-34
0xCA31,-12.3828125,0x8000,-0.0,0x8785,-2.0011615828398623e-34,-0.0,-2.004737793634949e-34
0xCA32,-12.390625,0x8000,-0.0,0x8772,-1.8206056505535589e-34,-0.0,-1.8198425775322199e-34
0xCA33,-12.3984375,0x8000,-0.0,0x875C,-1.6550960459577808e-34,-0.0,-1.65189923438851e-34
0xCA34,-12.40625,0x8000,-0.0,0x8747,-1.4971096052072654e-34,-0.0,-1.4993629274512546e-34
0xCA35,-12.4140625,0x8000,-0.0,0x8735,-1.3616926559925378e-34,-0.0,-1.360828735884549e-34
0xCA36,-12.421875,0x8000,-0.0,0x8724,-1.233798870623073e-34,-0.0,-1.2350190621630355e-34
0xCA37,-12.4296875,0x8000,-0.0,0x8715,-1.1209514129441334e-34,-0.0,-1.1207721655473923e-34
0xCA38,-12.4375,0x8000,-0.0,0x8707,-1.0156271191104564e-34,-0.0,-1.017031721602531e-34
0xCA39,-12.4453125,0x8000,-0.0,0x86F5,-9.215875710446734e-35,-0.0,-9.2283731654733e-35
0xCA3A,-12.453125,0x8000,-0.0,0x86DF,-8.388327687467844e-35,-0.0,-8.373157932788192e-35
0xCA3B,-12.4609375,0x8000,-0.0,0x86CA,-7.598395483715266e-35,-0.0,-7.596733732614716e-35
0xCA3C,-12.46875,0x8000,-0.0,0x86B7,-6.883694918415316e-35,-0.0,-6.891884851752203e-35
0xCA3D,-12.4765625,0x8000,-0.0,0x86A6,-6.244225991567991e-35,-0.0,-6.252052373301301e-35
0xCA3E,-12.484375,0x8000,-0.0,0x8697,-5.679988703173293e-35,-0.0,-5.671274764326908e-35
0xCA3F,-12.4921875,0x8000,-0.0,0x8689,-5.153367234004908e-35,-0.0,-5.14413380375321e-35
0xCA40,-12.5,0x8000,-0.0,0x8678,-4.664361584062837e-35,-0.0,-4.665705373597142e-35
0xCA41,-12.5078125,0x8000,-0.0,0x8661,-4.231779662960235e-35,-0.0,-4.2315146789522056e-35
0xCA42,-12.515625,0x8000,-0.0,0x864C,-3.8368135610839464e-35,-0.0,-3.837495500712741e-35
0xCA43,-12.5234375,0x8000,-0.0,0x8639,-3.479463278433971e-35,-0.0,-3.4799531202053835e-35
0xCA44,-12.53125,0x8000,-0.0,0x8628,-3.159728815010309e-35,-0.0,-3.1555305869675885e-35
0xCA45,-12.5390625,0x8000,-0.0,0x8618,-2.858802261199803e-35,-0.0,-2.8611780301545583e-35
0xCA46,-12.546875,0x8000,-0.0,0x860A,-2.595491526615611e-35,-0.0,-2.5941247407140127e-35
0xCA47,-12.5546875,0x8000,-0.0,0x85FA,-2.350988701644575e-35,-0.0,-2.3518537757696078e-35
0xCA48,-12.5625,0x8000,-0.0,0x85E3,-2.134697741093274e-35,-0.0,-2.1320788588054175e-35
0xCA49,-12.5703125,0x8000,-0.0,0x85CE,-1.9372146901551298e-35,-0.0,-1.932723369434529e-35
0xCA4A,-12.578125,0x8000,-0.0,0x85BA,-1.7491355940235638e-35,-0.0,-1.7519012349369492e-35
0xCA4B,-12.5859375,0x8000,-0.0,0x85A9,-1.5892683623117327e-35,-0.0,-1.587899552522968e-35
0xCA4C,-12.59375,0x8000,-0.0,0x8599,-1.43880508540648e-35,-0.0,-1.4391627865614963e-35
0xCA4D,-12.6015625,0x8000,-0.0,0x858B,-1.3071497181143837e-35,-0.0,-1.3042783989397427e-35
0xCA4E,-12.609375,0x8000,-0.0,0x857B,-1.1801963282255767e-35,-0.0,-1.181963783410485e-35
0xCA4F,-12.6171875,0x8000,-0.0,0x8564,-1.0720508479499262e-35,-0.0,-1.0710543863452646e-35
0xCA50,-12.625,0x8000,-0.0,0x854E,-9.686073450775649e-36,-0.0,-9.704929068456096e-36
0xCA51,-12.6328125,0x8000,-0.0,0x853B,-8.79269774415071e-36,-0.0,-8.793194787607501e-36
0xCA52,-12.640625,0x8000,-0.0,0x8529,-7.946341811558664e-36,-0.0,-7.966627459020406e-36
0xCA53,-12.6484375,0x8000,-0.0,0x8519,-7.1940254270324e-36,-0.0,-7.217317497070807e-36
0xCA54,-12.65625,0x8000,-0.0,0x850B,-6.535748590571919e-36,-0.0,-6.53808555859245e-36
0xCA55,-12.6640625,0x8000,-0.0,0x84FC,-5.924491528144329e-36,-0.0,-5.922415529739004e-36
0xCA56,-12.671875,0x8000,-0.0,0x84E4,-5.360254239749631e-36,-0.0,-5.364393624783604e-36
0xCA57,-12.6796875,0x8000,-0.0,0x84CF,-4.86654661240427e-36,-0.0,-4.8586530429089834e-36
0xCA58,-12.6875,0x8000,-0.0,0x84BB,-4.396348872075355e-36,-0.0,-4.4003236789263405e-36
0xCA59,-12.6953125,0x8000,-0.0,0x84AA,-3.9966807927957775e-36,-0.0,-3.984986429282973e-36
0xCA5A,-12.703125,0x8000,-0.0,0x8499,-3.5970127135162e-36,-0.0,-3.608631676074368e-36
0xCA5B,-12.7109375,0x8000,-0.0,0x848B,-3.267874295285959e-36,-0.0,-3.267621569427307e-36
0xCA5C,-12.71875,0x8000,-0.0,0x847C,-2.9622457640721645e-36,-0.0,-2.958655762896376e-36
0xCA5D,-12.7265625,0x8000,-0.0,0x8464,-2.6801271198748155e-36,-0.0,-2.6787402877175726e-36
0xCA5E,-12.734375,0x8000,-0.0,0x844E,-2.4215183626939123e-36,-0.0,-2.4251592801634157e-36
0xCA5F,-12.7421875,0x8000,-0.0,0x843B,-2.1981744360376776e-36,-0.0,-2.1954493020938166e-36
0xCA60,-12.75,0x8000,-0.0,0x8429,-1.986585452889666e-36,-0.0,-1.987376018323529e-36
0xCA61,-12.7578125,0x8000,-0.0,0x8419,-1.7985063567581e-36,-0.0,-1.7989130158377206e-36
0xCA62,-12.765625,0x8000,-0.0,0x840B,-1.6339371476429796e-36,-0.0,-1.628222569371096e-36
0xCA63,-12.7734375,0x8000,-0.0,0x83FB,-1.4752454102819708e-36,-0.0,-1.473638175595332e-36
0xCA64,-12.78125,0x8000,-0.0,0x83E3,-1.3341860881832963e-36,-0.0,-1.3336486942913176e-36
0xCA65,-12.7890625,0x8000,-0.0,0x83CD,-1.2048817095928447e-36,-0.0,-1.2068839495598181e-36
0xCA66,-12.796875,0x8000,-0.0,0x83BA,-1.0932097462647274e-36,-0.0,-1.092101657477044e-36
0xCA67,-12.8046875,0x8000,-0.0,0x83A8,-9.874152546907215e-37,-0.0,-9.881755587488588e-37
0xCA68,-12.8125,0x8000,-0.0,0x8398,-8.933757066249385e-37,-0.0,-8.940846459671737e-37
0xCA69,-12.8203125,0x8000,-0.0,0x838A,-8.110911020673784e-37,-0.0,-8.089033851229469e-37
0xCA6A,-12.828125,0x8000,-0.0,0x8379,-7.31745233386874e-37,-0.0,-7.317928401718317e-37
0xCA6B,-12.8359375,0x8000,-0.0,0x8361,-6.612155723375367e-37,-0.0,-6.619926177626508e-37
0xCA6C,-12.84375,0x8000,-0.0,0x834C,-5.995021189193666e-37,-0.0,-5.988135567998921e-37
0xCA6D,-12.8515625,0x8000,-0.0,0x8338,-5.4072740137825225e-37,-0.0,-5.416310943871385e-37
0xCA6E,-12.859375,0x8000,-0.0,0x8327,-4.90768891468305e-37,-0.0,-4.8987924595043795e-37
0xCA6F,-12.8671875,0x8000,-0.0,0x8317,-4.437491174354135e-37,-0.0,-4.430451430253077e-37
0xCA70,-12.875,0x8000,-0.0,0x8308,-3.9966807927957775e-37,-0.0,-4.006640773594998e-37
0xCA71,-12.8828125,0x8000,-0.0,0x82F7,-3.6293388081638127e-37,-0.0,-3.6231500468241854e-37
0xCA72,-12.890625,0x8000,-0.0,0x82DF,-3.2766905029171264e-37,-0.0,-3.2761646576357496e-37
0xCA73,-12.8984375,0x8000,-0.0,0x82CA,-2.968123235826276e-37,-0.0,-2.962228862652969e-37
0xCA74,-12.90625,0x8000,-0.0,0x82B6,-2.674249648120704e-37,-0.0,-2.678212204242179e-37
0xCA75,-12.9140625,0x8000,-0.0,0x82A5,-2.424457098570968e-37,-0.0,-2.42127906803828e-37
0xCA76,-12.921875,0x8000,-0.0,0x8295,-2.1893582284065105e-37,-0.0,-2.188861072756893e-37
0xCA77,-12.9296875,0x8000,-0.0,0x8287,-1.98364671701261e-37,-0.0,-1.9786320303629505e-37
0xCA78,-12.9375,0x8000,-0.0,0x8273,-1.7852820453113492e-37,-0.0,-1.7884852387407763e-37
0xCA79,-12.9453125,0x8000,-0.0,0x825C,-1.6163047323806453e-37,-0.0,-1.6165128908869724e-37
0xCA7A,-12.953125,0x8000,-0.0,0x8247,-1.46202109883522e-37,-0.0,-1.4609874045241458e-37
0xCA7B,-12.9609375,0x8000,-0.0,0x8234,-1.3224311446750734e-37,-0.0,-1.3203444940923727e-37
0xCA7C,-12.96875,0x8000,-0.0,0x8222,-1.190188030207566e-37,-0.0,-1.1931678234814436e-37
0xCA7D,-12.9765625,0x8000,-0.0,0x8213,-1.0799854348179766e-37,-0.0,-1.0781750927706852e-37
0xCA7E,-12.984375,0x8000,-0.0,0x8205,-9.771296791210265e-38,-0.0,-9.742054257812225e-38
0xCA7F,-12.9921875,0x8000,-0.0,0x81F0,-8.816207631167156e-38,-0.0,-8.80207937542264e-38
0xCA80,-13.0,0x8000,-0.0,0x81D8,-7.934586868050441e-38,-0.0,-7.952313719414843e-38
0xCA81,-13.0078125,0x8000,-0.0,0x81C4,-7.199902898786511e-38,-0.0,-7.18414709972696e-38
0xCA82,-13.015625,0x8000,-0.0,0x81B1,-6.501953127985778e-38,-0.0,-6.4897865820529e-38
0xCA83,-13.0234375,0x8000,-0.0,0x81A0,-5.877471754111438e-38,-0.0,-5.862179354644583e-38
0xCA84,-13.03125,0x8000,-0.0,0x8190,-5.289724578700294e-38,-0.0,-5.294942833063326e-38
0xCA85,-13.0390625,0x8000,-0.0,0x8182,-4.775445800215543e-38,-0.0,-4.782301327682144e-38
0xCA86,-13.046875,0x8000,-0.0,0x816B,-4.316268319425587e-38,-0.0,-4.3190286613498203e-38
0xCA87,-13.0546875,0x8000,-0.0,0x8154,-3.8938250370988274e-38,-0.0,-3.9003961814665953e-38
0xCA88,-13.0625,0x8000,-0.0,0x8140,-3.5264830524668625e-38,-0.0,-3.5221256623187167e-38
0xCA89,-13.0703125,0x8000,-0.0,0x812D,-3.177508167066496e-38,-0.0,-3.180346640355316e-38
0xCA8A,-13.078125,0x8000,-0.0,0x811C,-2.865267480129326e-38,-0.0,-2.8715577676025673e-38
0xCA8B,-13.0859375,0x8000,-0.0,0x810D,-2.589760991655352e-38,-0.0,-2.592591806993862e-38
0xCA8C,-13.09375,0x8000,-0.0,0x80FF,-2.341805152028776e-38,-0.0,-2.3405839284113456e-38
0xCA8D,-13.1015625,0x8000,-0.0,0x80E6,-2.1122164116337979e-38,-0.0,-2.1129429960113571e-38
0xCA8E,-13.109375,0x8000,-0.0,0x80D0,-1.9101783200862172e-38,-0.0,-1.9073255662419572e-38
0xCA8F,-13.1171875,0x8000,-0.0,0x80BB,-1.7173237781544357e-38,-0.0,-1.72161234212542e-38
0xCA90,-13.125,0x8000,-0.0,0x80A9,-1.5520198850700515e-38,-0.0,-1.553886853118144e-38
0xCA91,-13.1328125,0x8000,-0.0,0x8099,-1.4050830912172655e-38,-0.0,-1.402416151398346e-38
0xCA92,-13.140625,0x8000,-0.0,0x808A,-1.2673298469802787e-38,-0.0,-1.26563333497104e-38
